-- phpMyAdmin SQL Dump
-- version 4.7.9
-- https://www.phpmyadmin.net/
--
-- Hôte : 127.0.0.1:3306
-- Généré le :  ven. 08 jan. 2021 à 21:51
-- Version du serveur :  5.7.21
-- Version de PHP :  7.2.4

SET SQL_MODE = "NO_AUTO_VALUE_ON_ZERO";
SET AUTOCOMMIT = 0;
START TRANSACTION;
SET time_zone = "+00:00";


/*!40101 SET @OLD_CHARACTER_SET_CLIENT=@@CHARACTER_SET_CLIENT */;
/*!40101 SET @OLD_CHARACTER_SET_RESULTS=@@CHARACTER_SET_RESULTS */;
/*!40101 SET @OLD_COLLATION_CONNECTION=@@COLLATION_CONNECTION */;
/*!40101 SET NAMES utf8mb4 */;

--
-- Base de données :  `arrival`
--

-- --------------------------------------------------------

--
-- Structure de la table `categories`
--

DROP TABLE IF EXISTS `categories`;
CREATE TABLE IF NOT EXISTS `categories` (
  `id` bigint(20) UNSIGNED NOT NULL AUTO_INCREMENT,
  `name` varchar(191) COLLATE utf8mb4_unicode_ci NOT NULL,
  `description` varchar(191) COLLATE utf8mb4_unicode_ci NOT NULL,
  `image` varchar(191) COLLATE utf8mb4_unicode_ci DEFAULT NULL,
  `created_at` timestamp NULL DEFAULT NULL,
  `updated_at` timestamp NULL DEFAULT NULL,
  `deleted_at` timestamp NULL DEFAULT NULL,
  PRIMARY KEY (`id`)
) ENGINE=InnoDB AUTO_INCREMENT=12 DEFAULT CHARSET=utf8mb4 COLLATE=utf8mb4_unicode_ci;

--
-- Déchargement des données de la table `categories`
--

INSERT INTO `categories` (`id`, `name`, `description`, `image`, `created_at`, `updated_at`, `deleted_at`) VALUES
(1, 'skirtspp', 'skirts description lll', '', NULL, '2020-06-18 10:22:48', '2020-06-18 10:22:48'),
(2, 'shoes', 'xklsjxuuuu', '', NULL, '2020-06-18 11:00:20', NULL),
(3, 'bags', 'bags description', '', NULL, '2020-06-17 10:32:18', NULL),
(4, 'pyjamas2K', 'pyjamas description is very shortoo', '', NULL, '2020-06-17 10:35:46', '2020-06-17 10:35:46'),
(5, 'clothes22', 'clothes description pp', '', NULL, '2020-06-17 10:34:12', NULL),
(6, 'packs', 'packs description', '', NULL, NULL, NULL),
(7, 'pants', 'pants description', NULL, '2020-06-18 10:28:48', '2020-06-18 10:28:48', NULL),
(8, 'sssaaaaa', 'rrrrraaaaaa desc', NULL, '2020-06-18 10:32:00', '2020-06-18 11:01:03', '2020-06-18 11:01:03'),
(9, 'uuzyy', 'zeezyy', NULL, '2020-06-18 10:42:35', '2020-06-18 11:01:00', '2020-06-18 11:01:00'),
(10, 'ooooppp', 'oooppp', NULL, '2020-06-18 10:53:48', '2020-06-18 11:01:07', '2020-06-18 11:01:07'),
(11, 'waaaa', 'aaaaaaaaa', NULL, '2020-06-18 11:00:49', '2020-06-18 11:00:57', '2020-06-18 11:00:57');

-- --------------------------------------------------------

--
-- Structure de la table `failed_jobs`
--

DROP TABLE IF EXISTS `failed_jobs`;
CREATE TABLE IF NOT EXISTS `failed_jobs` (
  `id` bigint(20) UNSIGNED NOT NULL AUTO_INCREMENT,
  `connection` text COLLATE utf8mb4_unicode_ci NOT NULL,
  `queue` text COLLATE utf8mb4_unicode_ci NOT NULL,
  `payload` longtext COLLATE utf8mb4_unicode_ci NOT NULL,
  `exception` longtext COLLATE utf8mb4_unicode_ci NOT NULL,
  `failed_at` timestamp NOT NULL DEFAULT CURRENT_TIMESTAMP,
  PRIMARY KEY (`id`)
) ENGINE=InnoDB DEFAULT CHARSET=utf8mb4 COLLATE=utf8mb4_unicode_ci;

-- --------------------------------------------------------

--
-- Structure de la table `migrations`
--

DROP TABLE IF EXISTS `migrations`;
CREATE TABLE IF NOT EXISTS `migrations` (
  `id` int(10) UNSIGNED NOT NULL AUTO_INCREMENT,
  `migration` varchar(191) COLLATE utf8mb4_unicode_ci NOT NULL,
  `batch` int(11) NOT NULL,
  PRIMARY KEY (`id`)
) ENGINE=InnoDB AUTO_INCREMENT=13 DEFAULT CHARSET=utf8mb4 COLLATE=utf8mb4_unicode_ci;

--
-- Déchargement des données de la table `migrations`
--

INSERT INTO `migrations` (`id`, `migration`, `batch`) VALUES
(1, '2014_10_12_000000_create_users_table', 1),
(2, '2014_10_12_100000_create_password_resets_table', 1),
(3, '2019_08_19_000000_create_failed_jobs_table', 1),
(4, '2019_12_19_151849_create_products_table', 1),
(5, '2019_12_19_151904_create_orders_table', 1),
(6, '2016_06_01_000001_create_oauth_auth_codes_table', 2),
(7, '2016_06_01_000002_create_oauth_access_tokens_table', 2),
(8, '2016_06_01_000003_create_oauth_refresh_tokens_table', 2),
(9, '2016_06_01_000004_create_oauth_clients_table', 2),
(10, '2016_06_01_000005_create_oauth_personal_access_clients_table', 2),
(11, '2019_12_19_141849_create_categories_table', 3),
(12, '2020_03_23_140039_create_payments_table', 4);

-- --------------------------------------------------------

--
-- Structure de la table `oauth_access_tokens`
--

DROP TABLE IF EXISTS `oauth_access_tokens`;
CREATE TABLE IF NOT EXISTS `oauth_access_tokens` (
  `id` varchar(100) COLLATE utf8mb4_unicode_ci NOT NULL,
  `user_id` bigint(20) DEFAULT NULL,
  `client_id` int(10) UNSIGNED NOT NULL,
  `name` varchar(191) COLLATE utf8mb4_unicode_ci DEFAULT NULL,
  `scopes` text COLLATE utf8mb4_unicode_ci,
  `revoked` tinyint(1) NOT NULL,
  `created_at` timestamp NULL DEFAULT NULL,
  `updated_at` timestamp NULL DEFAULT NULL,
  `expires_at` datetime DEFAULT NULL,
  PRIMARY KEY (`id`),
  KEY `oauth_access_tokens_user_id_index` (`user_id`)
) ENGINE=InnoDB DEFAULT CHARSET=utf8mb4 COLLATE=utf8mb4_unicode_ci;

--
-- Déchargement des données de la table `oauth_access_tokens`
--

INSERT INTO `oauth_access_tokens` (`id`, `user_id`, `client_id`, `name`, `scopes`, `revoked`, `created_at`, `updated_at`, `expires_at`) VALUES
('004234c614d9eb6b67996c2054b378799449ee6a2b13925b83d36909bb53d8a90b5e3972785af308', 2, 1, 'bigStore', '[]', 0, '2020-04-03 08:26:38', '2020-04-03 08:26:38', '2021-04-03 10:26:38'),
('01816296612bae54f93276ec816cc6b1e0d5303622522c0f59c5f546e53c982ec7f03dc7207379fe', 11, 1, 'bigStore', '[]', 0, '2020-04-09 09:10:01', '2020-04-09 09:10:01', '2021-04-09 11:10:01'),
('02db0d81995b4dd75952c1207979541ca234a1355c4b921c4a528862d2f628b658790204e39b12aa', 2, 1, 'bigStore', '[]', 0, '2020-04-06 06:34:57', '2020-04-06 06:34:57', '2021-04-06 08:34:57'),
('036f7d9b38de3fe32b8ccc9c19c10869e987abd00260e22a174eccc68c9d9ef3e54ef551e3ccefec', 2, 1, 'bigStore', '[]', 0, '2020-04-09 09:02:16', '2020-04-09 09:02:16', '2021-04-09 11:02:16'),
('03775eb5ceeb2cf02356b9dcd6993fcc790f874e223db584b400e9b5f84692550fbb3bc0319f5981', 2, 1, 'bigStore', '[]', 0, '2020-04-06 07:59:29', '2020-04-06 07:59:29', '2021-04-06 09:59:29'),
('03800e61f41ab1ea2576035c864dc249ab1eca0fd0fbf33e9ef65136058226a6e21bad67d5fd401d', 2, 1, 'bigStore', '[]', 0, '2019-12-19 16:04:38', '2019-12-19 16:04:38', '2020-12-19 17:04:38'),
('053b2178d059c7c09d40b237772773a942df67ebf8e9b0ea1cb646c4658d165614fd4c5f8a0edf8f', 3, 1, 'bigStore', '[]', 0, '2020-03-02 12:42:37', '2020-03-02 12:42:37', '2021-03-02 13:42:37'),
('054543cc366ffccf61c7633b43915799f57f07d2db11dbfc7a8da0f143098ae063310decdacc8858', 1, 1, 'bigStore', '[]', 0, '2020-02-26 19:08:34', '2020-02-26 19:08:34', '2021-02-26 20:08:34'),
('0683d89dab0dd71755b5b347c5e22dd5831d38d64cd2636e24ab322f875112b0009923cef7bf6f81', 33, 1, 'bigStore', '[]', 0, '2020-04-07 11:02:25', '2020-04-07 11:02:25', '2021-04-07 13:02:25'),
('06f899f6791bc2ab6d18ed4810ffdc2bda0db21a4fde7f928184cf12e557d42da4ba43472bdd0847', 1, 1, 'bigStore', '[]', 0, '2020-03-11 15:28:31', '2020-03-11 15:28:31', '2021-03-11 16:28:31'),
('070e82368f9310480e7186cf4ab2a4c006c24d06e7770c51e96350fd0c673114cb7adf1651a7e2c9', 4, 1, 'bigStore', '[]', 0, '2020-05-20 08:04:26', '2020-05-20 08:04:26', '2021-05-20 10:04:26'),
('07fc588869f6c9e229db19cb0e0ff9e2c1c767208e2ce517f0b2fb0baf80dd98ab7ff80c97b9d838', 27, 1, 'bigStore', '[]', 0, '2020-04-07 08:02:27', '2020-04-07 08:02:27', '2021-04-07 10:02:27'),
('088545b560fa176888c8523ec1bfdacde351c26fead4a88ca4ba21bc70d8e419f9b13584b4a48ea3', 3, 1, 'bigStore', '[]', 0, '2020-04-06 08:02:40', '2020-04-06 08:02:40', '2021-04-06 10:02:40'),
('08d4a2b27fa9513eec7fbd789d3a17e59a06d5706ff02ee1abb3b61ef318b64546a282b644e076fb', 2, 1, 'bigStore', '[]', 0, '2020-04-03 08:51:19', '2020-04-03 08:51:19', '2021-04-03 10:51:19'),
('09e18a890cc1d91f3e34cbd4818c07d0ac6632ecd636f62924846257391f991b290be24c44174fa6', 1, 1, 'bigStore', '[]', 0, '2020-04-08 08:15:58', '2020-04-08 08:15:58', '2021-04-08 10:15:58'),
('0a63d6f7162d47df1fecce005846c775a823f95247f0205e8a2d14cb2fcd8cd23be3b02810f059aa', 1, 1, 'bigStore', '[]', 0, '2020-04-07 08:01:25', '2020-04-07 08:01:25', '2021-04-07 10:01:25'),
('0a837b2fa41f2831174da72b0941c3085bd82e04e2fc2a2c9eb8008a4160ea23ff097cfa028a39c6', 1, 1, 'bigStore', '[]', 0, '2020-01-23 11:16:47', '2020-01-23 11:16:47', '2021-01-23 12:16:47'),
('0af3363041367b2ea5eb3d056aa82d37877e7a96798d6ab30176be9f3a889ce2b152e55f0993eed8', 4, 1, 'bigStore', '[]', 0, '2020-04-01 10:36:18', '2020-04-01 10:36:18', '2021-04-01 12:36:18'),
('0afb84cdd27411c957d1e7370ab7b7079b489fe813acbf8601ed4715049b57d41db4c8b012128eb8', 1, 1, 'bigStore', '[]', 0, '2020-03-02 12:30:50', '2020-03-02 12:30:50', '2021-03-02 13:30:50'),
('0b63e227719a3dce3f6c535d579305d1c3fd3775a127525fd9523856ed605839ed77caece536875d', 12, 1, 'bigStore', '[]', 0, '2020-04-20 11:19:57', '2020-04-20 11:19:57', '2021-04-20 13:19:57'),
('0ce83306d7ad1e98f6f025b09e17df1623dbc7dfb7b0683b04179f1aac0b03012a6e9ce466725ac3', 1, 1, 'bigStore', '[]', 0, '2020-03-02 11:34:36', '2020-03-02 11:34:36', '2021-03-02 12:34:36'),
('0fde626ea3d6e817c3ca382741417b7e5bf662da5be4dbe205868e68a06258b8da64f6e8041d83fc', 1, 1, 'bigStore', '[]', 0, '2020-02-20 14:54:29', '2020-02-20 14:54:29', '2021-02-20 15:54:29'),
('102fb8afbfb7b41cdee78ab844eed74ae5c584b3ce04b61c8928942c3cb76e46f3cb9a219c606d95', 1, 1, 'bigStore', '[]', 0, '2020-04-08 08:19:50', '2020-04-08 08:19:50', '2021-04-08 10:19:50'),
('10c04d4df55f057745fde1b7ba25baad102892787b1dc112e6048a2d1df9f6be1a05ce07081e7dd2', 1, 1, 'bigStore', '[]', 0, '2020-03-02 18:50:13', '2020-03-02 18:50:13', '2021-03-02 19:50:13'),
('111dea6aebb6ab0e092b75f91ffb4a0bd916b8d972cc1ab3c60b258114aca1c4e203e19629808b2e', 1, 1, 'bigStore', '[]', 0, '2020-02-26 19:39:13', '2020-02-26 19:39:13', '2021-02-26 20:39:13'),
('117e834305bd22315c810d4076eefce3eea74df9268bde4fd5905b1771f6ed97e08a51a6b4705930', 4, 1, 'bigStore', '[]', 0, '2020-04-21 07:46:01', '2020-04-21 07:46:01', '2021-04-21 09:46:01'),
('1228c7a9fa378b6adb55a6132677b02ca30b75923bfaa1bc5cc3d6426cc4009a9de7ae6d5bc2fb5d', 1, 1, 'bigStore', '[]', 0, '2020-03-02 15:31:40', '2020-03-02 15:31:40', '2021-03-02 16:31:40'),
('13a721bcac55f487e03557ba00b31324588032f52b5a6fc5fb2d51e2c3ad7a43fa65b61aaaa86eca', 4, 1, 'bigStore', '[]', 0, '2020-05-08 06:12:22', '2020-05-08 06:12:22', '2021-05-08 08:12:22'),
('1453f334b4510c082b2d4481833a403ac7598a341c61040882932b9e0a80a5f92a51eaa8824e4925', 3, 1, 'bigStore', '[]', 0, '2020-03-02 12:00:09', '2020-03-02 12:00:09', '2021-03-02 13:00:09'),
('15e26dfa3c62a70cac0addb31b467b15ae679d0cc20293b3fcedb4f869f9c3c5448d465c363f1b3e', 4, 1, 'bigStore', '[]', 0, '2020-04-07 13:56:47', '2020-04-07 13:56:47', '2021-04-07 15:56:47'),
('15fe6e34873e4fdd42067c7bf38fcec5dcbe04d3c8792dddcdbd8a64d3b6d9c4b03d3a2f5fe3adc0', 24, 1, 'bigStore', '[]', 0, '2020-04-07 07:50:41', '2020-04-07 07:50:41', '2021-04-07 09:50:41'),
('184a2202391105ef3abfc7afa3febb54b29eec896c5fe937e6cd874d1dee3d106eed5a6324dde162', 4, 1, 'bigStore', '[]', 0, '2020-04-08 10:40:34', '2020-04-08 10:40:34', '2021-04-08 12:40:34'),
('1a31c20a314b2409566ea662c084f2735c8b0817ebc169692cbe1c9a15f12f1d2a4da215e0738518', 1, 1, 'bigStore', '[]', 0, '2020-01-27 18:51:50', '2020-01-27 18:51:50', '2021-01-27 19:51:50'),
('1b2c5b9349cacaab78016c3fc37ed08ca95dc804c3dbc904118871bd4689f9ff6acdba6c785857ca', 14, 1, 'bigStore', '[]', 0, '2020-04-20 10:41:47', '2020-04-20 10:41:47', '2021-04-20 12:41:47'),
('1b5f1af164ece46640f03ec7b01823eb852cf4ba3249b9d2de24f7813fe124488758dfd17a8fe5f4', 1, 1, 'bigStore', '[]', 0, '2020-02-27 09:22:38', '2020-02-27 09:22:38', '2021-02-27 10:22:38'),
('1c8043e65bce274daea53455a179ebc89f16a9fdd2a46234ceb1c9d0c79214a958e9a7cc543ebeff', 4, 1, 'bigStore', '[]', 0, '2020-04-07 08:06:49', '2020-04-07 08:06:49', '2021-04-07 10:06:49'),
('209a7dd88cd0e8ddba4c603d443e86f4270bf89ce4030eb47b5d710f1ae241872d42199a9dddc6c4', 3, 1, 'bigStore', '[]', 0, '2020-03-02 12:46:24', '2020-03-02 12:46:24', '2021-03-02 13:46:24'),
('20ed04c319536cf1f1c2ddd7fcb40c6b8ad214bc146563d93e17734b7ac4e46437c0afd15ed46b6c', 1, 1, 'bigStore', '[]', 0, '2020-03-02 15:39:31', '2020-03-02 15:39:31', '2021-03-02 16:39:31'),
('222acf2ad5467556732f9f4c98bfef295bcfbf555ca333d3c81179da70fcd505d0f122d72ead9554', 1, 1, 'bigStore', '[]', 0, '2020-01-29 08:43:07', '2020-01-29 08:43:07', '2021-01-29 09:43:07'),
('224a892fe2c413b927ab42fba9d72c205ecafc6f0805eb32b51d3a8a6facab3ea5122aa874d52276', 12, 1, 'bigStore', '[]', 0, '2020-04-20 11:17:39', '2020-04-20 11:17:39', '2021-04-20 13:17:39'),
('241276e646259a600113483a7ea5d54ae1f6567c98466d5cf7f244ecd9fb32327e414071d61a8ca9', 4, 1, 'bigStore', '[]', 0, '2020-05-20 08:00:00', '2020-05-20 08:00:00', '2021-05-20 10:00:00'),
('25c2246567efc3826a226c9be8d02f9c17f989867118571517fda566a6f57c4fda742cfcd774e921', 4, 1, 'bigStore', '[]', 0, '2020-04-03 08:27:29', '2020-04-03 08:27:29', '2021-04-03 10:27:29'),
('25fe60d5787dcc507ace003f7e7fd67691cfad55bf3460ec0385dba897a6af2ce5bdd7fa606efbb4', 1, 1, 'bigStore', '[]', 0, '2020-04-06 13:53:40', '2020-04-06 13:53:40', '2021-04-06 15:53:40'),
('262f790eeb7169bc9d5c6aa45f55472a933c83aa4031267eb07af40394097294368c29b8ab0c0cf2', 4, 1, 'bigStore', '[]', 0, '2020-04-03 09:48:54', '2020-04-03 09:48:54', '2021-04-03 11:48:54'),
('26c9f1563af1be7f317790a31b1be25ea0f0705847f5ae100065dbc3ea5859ee708c30c9426e8fa6', 4, 1, 'bigStore', '[]', 0, '2020-04-07 09:56:43', '2020-04-07 09:56:43', '2021-04-07 11:56:43'),
('26e877e4b39663f324a993f1d6a1b51ebb3725e68d9e58cee9a007813399dc8532fdf4b1b34022d0', 2, 1, 'bigStore', '[]', 0, '2020-05-27 10:49:45', '2020-05-27 10:49:45', '2021-05-27 12:49:45'),
('27118e98fcce761c19a2958479518914652549fbc6a46dbb54af99ea9ac6ec456fe64d5ffb87ec93', 20, 1, 'bigStore', '[]', 0, '2020-04-06 13:59:30', '2020-04-06 13:59:30', '2021-04-06 15:59:30'),
('28562adee92b7269bf084d22c7ccb27c45554fb72c2ac11ff1e2da57b9c9d48a4cd031327d9cdd98', 1, 1, 'bigStore', '[]', 0, '2020-04-08 10:45:15', '2020-04-08 10:45:15', '2021-04-08 12:45:15'),
('28d337b6a912502d66d32d67d72b449f840783454fb964997458e17ef069e1cd7c11d60a69c4c1e0', 2, 1, 'bigStore', '[]', 0, '2020-06-10 07:05:44', '2020-06-10 07:05:44', '2021-06-10 09:05:44'),
('290a35176005c30da3cbeab3259500b08db53f19c56d0559ceac83b3a3788fde96fd4e14246b2380', 1, 1, 'bigStore', '[]', 0, '2020-02-26 08:23:48', '2020-02-26 08:23:48', '2021-02-26 09:23:48'),
('298e3fd7c0363ad6e56fa2c99f8083bdd203bfb36c725238ea64b769e39ffeff92b400cb6a24908d', 1, 1, 'bigStore', '[]', 0, '2020-03-02 14:52:01', '2020-03-02 14:52:01', '2021-03-02 15:52:01'),
('2a03258e535fb3fc57f7182be214032b648f29bb122ddbd10ced71915e5ac1671020568931d0e5af', 1, 1, 'bigStore', '[]', 0, '2020-03-09 20:08:16', '2020-03-09 20:08:16', '2021-03-09 21:08:16'),
('2a9509fadf40003fa918b5e7c692732a06510ac2128f3ced966d87f00f0c7bdf389c86ae00f35c29', 1, 1, 'bigStore', '[]', 0, '2020-03-02 13:09:26', '2020-03-02 13:09:26', '2021-03-02 14:09:26'),
('2b7f3b76406dbf31b4c2b47e129588f9998c759963d8baf1176459c11cfd98dad37794ce7fa996b1', 1, 1, 'bigStore', '[]', 0, '2020-02-27 09:20:38', '2020-02-27 09:20:38', '2021-02-27 10:20:38'),
('2bd0529e2ccb3d7e8bc2d085f44796555d5712848e221d28c99fa0aca9e5ef0f704b2553a15363b3', 1, 1, 'bigStore', '[]', 0, '2020-02-26 17:19:18', '2020-02-26 17:19:18', '2021-02-26 18:19:18'),
('2c08ed1ba23e1061fc37a62f83953f60ff8285f4db7c601c3c0e9d54800312c559613172abf75b3c', 4, 1, 'bigStore', '[]', 0, '2020-04-08 06:44:45', '2020-04-08 06:44:45', '2021-04-08 08:44:45'),
('2c8e043a549e0f8d0e9bba345d2ca9977aac000969dff73d3090abd06765d15d3b2f4a5a49898a4b', 3, 1, 'bigStore', '[]', 0, '2020-03-11 15:41:42', '2020-03-11 15:41:42', '2021-03-11 16:41:42'),
('2eb303ba422503b42ffbbec23e520866b029d78b9e61d82cc694f7c0d532a2eb179f570caa2bae8e', 1, 1, 'bigStore', '[]', 0, '2020-02-26 18:40:19', '2020-02-26 18:40:19', '2021-02-26 19:40:19'),
('2f197500106e23f396812d39127a49d596b74a402016511d9217e5303f4763072d2cf86003b9877b', 1, 1, 'bigStore', '[]', 0, '2020-02-26 17:18:20', '2020-02-26 17:18:20', '2021-02-26 18:18:20'),
('313b3dbb5f45af9763a1320c606c1609da4f024965a8c5091d8fd6efdd2eadf43b5c2b1c70609295', 3, 1, 'bigStore', '[]', 0, '2020-03-11 15:37:23', '2020-03-11 15:37:23', '2021-03-11 16:37:23'),
('318becc5fae283f912aabfc088bd3b854ba3830c8f9ebef0648ca691e12b2c282cd07c366c0373c7', 1, 1, 'bigStore', '[]', 0, '2020-04-08 10:48:39', '2020-04-08 10:48:39', '2021-04-08 12:48:39'),
('32b346d0351d63375fabca37553b7b4f43e0045ea7160dff3327af9d22b888f40ba22494515d01b6', 2, 1, 'bigStore', '[]', 0, '2020-04-03 11:35:13', '2020-04-03 11:35:13', '2021-04-03 13:35:13'),
('3457994567906fe00b708670ca536b38e34450e94bdd41c1576249ed42a84ae339986360bcd7e715', 5, 1, 'bigStore', '[]', 0, '2020-04-06 09:22:55', '2020-04-06 09:22:55', '2021-04-06 11:22:55'),
('3668dac8f6a64a9f9c541d352f0e3315ab9011ef726a229176194d10e030d841b67900e25919187b', 2, 1, 'bigStore', '[]', 0, '2020-04-03 11:53:19', '2020-04-03 11:53:19', '2021-04-03 13:53:19'),
('36c5afbde40df25feda54f8d6f3b93b1b65c6ccf791fdfe9665469d9cb96b0d687c8198535ce8c2b', 1, 1, 'bigStore', '[]', 0, '2020-01-30 08:12:04', '2020-01-30 08:12:04', '2021-01-30 09:12:04'),
('37b18325d22ca1e5fabbd5e3f8df2cebb6e6ad28dcb69e43dfe7333dc9f578e9a225014741bbe043', 8, 1, 'bigStore', '[]', 0, '2020-04-09 07:06:42', '2020-04-09 07:06:42', '2021-04-09 09:06:42'),
('388148ce41b4ead248bdbce2471de5ebd1e42be65d8117524d0fa9ea62529e5302ba7880ede4bd3a', 24, 1, 'bigStore', '[]', 0, '2020-04-27 16:54:09', '2020-04-27 16:54:09', '2021-04-27 18:54:09'),
('38dfa0bde5412ce49779712b5d04cb807d80f252732b40b1a393635777ff04809a532bc65cc289a9', 3, 1, 'bigStore', '[]', 0, '2020-03-02 12:59:43', '2020-03-02 12:59:43', '2021-03-02 13:59:43'),
('3a2d5dd4554800af1842e8b4dceb587308556cecbe31c65c546eec07e49ae9178a1447a9ca061149', 1, 1, 'bigStore', '[]', 0, '2020-03-02 15:51:27', '2020-03-02 15:51:27', '2021-03-02 16:51:27'),
('3cf4c5f5b25f35aa7c8cfdc82a99f32d6ca13b3bb13bd9b9f62e5ce433b225819086988da5d7edd2', 1, 1, 'bigStore', '[]', 0, '2020-02-26 19:17:57', '2020-02-26 19:17:57', '2021-02-26 20:17:57'),
('3dfb08e76f1c0993da00d6cde53214a226f9ab7e8ea476e5a6824161280550ac38f06456f4263517', 4, 1, 'bigStore', '[]', 0, '2020-04-06 06:25:32', '2020-04-06 06:25:32', '2021-04-06 08:25:32'),
('3e23ba708150ea207709acc9a15d822ae1e7839229c17b938cf2398c6ccac2b17cf0db7d37aeab54', 4, 1, 'bigStore', '[]', 0, '2020-04-07 14:00:57', '2020-04-07 14:00:57', '2021-04-07 16:00:57'),
('3e2a14c59e1b3b875bbbe31283b6201f18a0ec25a75bdefa38f7ae2b8dcb94af6b77c2c7ba196456', 5, 1, 'bigStore', '[]', 0, '2020-04-08 10:26:30', '2020-04-08 10:26:30', '2021-04-08 12:26:30'),
('3e5f5218fb6b07cfa689b4e6e95fd2a665ffcdf2483e39504532ee06bf9960c62510a6136f1918e8', 4, 1, 'bigStore', '[]', 0, '2020-06-16 10:35:52', '2020-06-16 10:35:52', '2021-06-16 12:35:52'),
('3e8fdbbf0f22246df6e2b0600b9175edc60947c5a8fe8b66da9b02411ccd708dc268b9f089c1e2fd', 1, 1, 'bigStore', '[]', 0, '2020-03-02 19:14:35', '2020-03-02 19:14:35', '2021-03-02 20:14:35'),
('3ecc79694ef5e6478b2b7ceffd3c13a6370e8cd2120c93a0974de1651bd9e6d48c11890163bc1c4e', 1, 1, 'bigStore', '[]', 0, '2019-12-19 15:53:05', '2019-12-19 15:53:05', '2020-12-19 16:53:05'),
('4141664e309ce9113d082c3796dfb1065d9adfe7dee072b28de8a244a5956e59458409ab412f3f15', 4, 1, 'bigStore', '[]', 0, '2020-05-13 14:03:58', '2020-05-13 14:03:58', '2021-05-13 16:03:58'),
('41cdab62af4486bb5f7eec064fe5517fa6b2e7bc65297f62fb4d71e7217fdd33f85da494020fee87', 3, 1, 'bigStore', '[]', 0, '2020-04-06 07:05:25', '2020-04-06 07:05:25', '2021-04-06 09:05:25'),
('42ee21a6a2e84fecda73c846c8fedc15321be9cddc53fb937fe196844cb34ea3bcf026a424d89986', 2, 1, 'bigStore', '[]', 0, '2020-04-21 09:07:27', '2020-04-21 09:07:27', '2021-04-21 11:07:27'),
('42ee29d54b359350bf0195edcca9dab768e01718d76cb91964aac2682a7941bedefb903339836616', 1, 1, 'bigStore', '[]', 0, '2020-02-27 09:18:43', '2020-02-27 09:18:43', '2021-02-27 10:18:43'),
('433a931837c6646de1d39a1b484b4799a460009d205f907ad3345bb552d39e8a0a903c94ed096cee', 1, 1, 'bigStore', '[]', 0, '2020-03-11 14:16:19', '2020-03-11 14:16:19', '2021-03-11 15:16:19'),
('43e788dd0737db996fc7adb726ebed031a9b8663c5a3c17d1bff727a7ce14c1112e8d2c303210898', 17, 1, 'bigStore', '[]', 0, '2020-04-06 13:30:03', '2020-04-06 13:30:03', '2021-04-06 15:30:03'),
('466eac2305b9b60e5854ab6a68c69e144833edbf0b4ab278900e96f35b991d1b6f4ccbbf42189695', 2, 1, 'bigStore', '[]', 0, '2020-04-08 07:02:26', '2020-04-08 07:02:26', '2021-04-08 09:02:26'),
('47491a936f0884da8ac94975d84f5dd78ab0afdc6edbcaec4800268151a53fa02fbc1ec7a9aa23d1', 1, 1, 'bigStore', '[]', 0, '2020-04-07 06:03:55', '2020-04-07 06:03:55', '2021-04-07 08:03:55'),
('49097d3ab2cd2a065e9089d63f0e055c9f0d4043cee2626e1fe7a856aa57751076428b9e5d639d70', 2, 1, 'bigStore', '[]', 0, '2020-04-08 12:06:42', '2020-04-08 12:06:42', '2021-04-08 14:06:42'),
('4a31c2d666d6645dbf5e012d8d38723a650293da1bf9f944bc782fbea0a0393f73d99c497418cdd0', 1, 1, 'bigStore', '[]', 0, '2020-04-06 13:18:09', '2020-04-06 13:18:09', '2021-04-06 15:18:09'),
('4c19d1459fa52319a1df3bee90b9572b1f5ae36a242f5d41b9500794850c8d79d8deec29abac4698', 10, 1, 'bigStore', '[]', 0, '2020-04-09 07:40:39', '2020-04-09 07:40:39', '2021-04-09 09:40:39'),
('4db15afb0a0c6ee471c80fcbf64bbff8b612974061b2751760c58a83c68673c3f2d67b32baea29f8', 2, 1, 'bigStore', '[]', 0, '2020-04-03 11:32:40', '2020-04-03 11:32:40', '2021-04-03 13:32:40'),
('4f15a7a9c2fcd6c8b454ece8b091eef2be2dca940370b3ce5711d67a46abd542051085802294b26d', 4, 1, 'bigStore', '[]', 0, '2020-04-03 11:54:09', '2020-04-03 11:54:09', '2021-04-03 13:54:09'),
('508c73d2f24dbdd5393b97cc328a690263ca91e0ed3396f99d66f3973c5ae2eee8427da9811d0a1e', 3, 1, 'bigStore', '[]', 0, '2020-03-02 11:27:48', '2020-03-02 11:27:48', '2021-03-02 12:27:48'),
('5160d82040089ee02458fa1e859f6f2840d9e60e947eaec83a898faf6d95ba54ba9d32ec437c7054', 1, 1, 'bigStore', '[]', 0, '2020-04-08 12:01:08', '2020-04-08 12:01:08', '2021-04-08 14:01:08'),
('516c70c14dfc21d86d7b4b2d4988df230e56d5e4518cac3f89b7e3e5a8597c1b7e25ea1ac615a824', 1, 1, 'bigStore', '[]', 0, '2020-04-20 10:08:14', '2020-04-20 10:08:14', '2021-04-20 12:08:14'),
('51b97def0617d54e81fda80ce5046e0d0c5be139cbad83f8df420725bc38a1a0955a284940177bab', 1, 1, 'bigStore', '[]', 0, '2020-04-07 08:18:56', '2020-04-07 08:18:56', '2021-04-07 10:18:56'),
('528ee09ae476cc6d43778ab3aa4093bb43edaef1ab83fad9f2ff354e0d614fbd63b624a70e80db11', 1, 1, 'bigStore', '[]', 0, '2020-03-02 15:20:23', '2020-03-02 15:20:23', '2021-03-02 16:20:23'),
('52aa19c869a9a270b5848ff846599393d56ba23aab330f42aaf16abf1100cea7fbdfef49db1a2867', 2, 1, 'bigStore', '[]', 0, '2020-04-06 06:14:50', '2020-04-06 06:14:50', '2021-04-06 08:14:50'),
('52fceaf301a3706b8bfdddd3b2b5e4b4013dc6c7d4bb4ec6840d19b1a71c06d689136c933da5f6e0', 2, 1, 'bigStore', '[]', 0, '2020-04-06 13:08:07', '2020-04-06 13:08:07', '2021-04-06 15:08:07'),
('536ccd638c76560680d076b678d2186bfc16a06ea050f095b351c5b055fa311dc81cafa9a63527d9', 4, 1, 'bigStore', '[]', 0, '2020-04-28 10:32:13', '2020-04-28 10:32:13', '2021-04-28 12:32:13'),
('536dc590dc4eb793f1ffe0783cbc5beedc303747a07c6b48c204cef57020ad268bf10d82969d2089', 7, 1, 'bigStore', '[]', 0, '2020-04-08 11:06:38', '2020-04-08 11:06:38', '2021-04-08 13:06:38'),
('53d4a318efbfe41dbbb66835d67a7a5bde761d8b68268272c0f4581c8ae5610a739d430d3a94f5c2', 1, 1, 'bigStore', '[]', 0, '2020-02-26 18:32:38', '2020-02-26 18:32:38', '2021-02-26 19:32:38'),
('55e014cdba96b2778f797c176b10a5c1ed290fda04cd484d1a769df672fd4293eee127c3bcc86d5f', 1, 1, 'bigStore', '[]', 0, '2020-04-07 14:03:56', '2020-04-07 14:03:56', '2021-04-07 16:03:56'),
('56bc03b54e71068a26b7da6df872add7a9ef945e97a00c4c7d922ef0a1b4c8eb3ae07c076f63e7e7', 4, 1, 'bigStore', '[]', 0, '2020-04-06 07:00:11', '2020-04-06 07:00:11', '2021-04-06 09:00:11'),
('576562df5095a7c5d4e950cd8acbb403ce01ff6e43993a4095e4f61cd49019ae5109718f51b3fca3', 12, 1, 'bigStore', '[]', 0, '2020-04-06 12:51:10', '2020-04-06 12:51:10', '2021-04-06 14:51:10'),
('57ec5de57ab1c0e3257a0f01b407c45236fb71d2ee2a0fccf68b6a99900c590139a1806445daeeec', 1, 1, 'bigStore', '[]', 0, '2020-01-29 09:24:44', '2020-01-29 09:24:44', '2021-01-29 10:24:44'),
('587ef085456d92fa3f30ecdd1f7a9e2e62d07a172b8af16680c681ccdc0b0b5e779eccf2198752ed', 3, 1, 'bigStore', '[]', 0, '2020-03-11 14:34:23', '2020-03-11 14:34:23', '2021-03-11 15:34:23'),
('58f262c02aa95f80a6412145408fbe3340c482e0d7d7240a0eb3e1c1d0d97e8d40b5af7523f97c31', 4, 1, 'bigStore', '[]', 0, '2020-04-21 05:50:34', '2020-04-21 05:50:34', '2021-04-21 07:50:34'),
('5956091f1116e70d483551ff173944158201040096699cc2df193be2e10e8b450db3c5dc7f3f7f5f', 4, 1, 'bigStore', '[]', 0, '2020-04-06 12:49:26', '2020-04-06 12:49:26', '2021-04-06 14:49:26'),
('5b0d102e4ab508e0dc8ea6269bcf4079fdad57f79ca73086b2b9159514a2b2f6224fd2210ed447f0', 1, 1, 'bigStore', '[]', 0, '2020-04-06 13:22:57', '2020-04-06 13:22:57', '2021-04-06 15:22:57'),
('5b3a6906a4e75736b49e5780507d0f49c1b3530382ff7ea0745bdacecf7b0bd2a9570a7a2a74c29c', 8, 1, 'bigStore', '[]', 0, '2020-04-06 10:30:28', '2020-04-06 10:30:28', '2021-04-06 12:30:28'),
('5b5692f8883276099dc8764a93a8121f03434fcac99d42a5652bc7202f9dfcb7ff10e542104eb07f', 3, 1, 'bigStore', '[]', 0, '2020-03-11 15:27:01', '2020-03-11 15:27:01', '2021-03-11 16:27:01'),
('5bff2607a792028737e32635fc925026ed6e982b367468937b953be6a90281ab440594b4f9c47e79', 1, 1, 'bigStore', '[]', 0, '2020-03-11 15:36:17', '2020-03-11 15:36:17', '2021-03-11 16:36:17'),
('5c1c5c44716b27f6a81b2a7ff97f88b22c2b542f8eeb8bc0c0563546d3ed39f5b9ffcc6e1bb46932', 2, 1, 'bigStore', '[]', 0, '2020-04-07 13:08:23', '2020-04-07 13:08:23', '2021-04-07 15:08:23'),
('5cf23b70ce3a9ffebe24d036dbf3a1dff1ebd90dc36fb30649949df7c23a040867eea4d8876ab184', 12, 1, 'bigStore', '[]', 0, '2020-04-17 10:41:27', '2020-04-17 10:41:27', '2021-04-17 12:41:27'),
('5ed5621a2b46ebcbf0d1fd3aae5f81e1b812fa452aa602776fd1365ca23ed8b7b403a782436556b9', 34, 1, 'bigStore', '[]', 0, '2020-04-07 13:25:58', '2020-04-07 13:25:58', '2021-04-07 15:25:58'),
('5fd0624231954105a2a4205d21513ba566b6574a8c858a21211caac5e3f48d34bac8235122ac61b0', 3, 1, 'bigStore', '[]', 0, '2020-03-02 15:14:35', '2020-03-02 15:14:35', '2021-03-02 16:14:35'),
('616f1f988994f129125d8dac17763ffe455f585d69d3aaaec359cf835014b88436890dd6d009a5fe', 2, 1, 'bigStore', '[]', 0, '2020-01-23 11:16:04', '2020-01-23 11:16:04', '2021-01-23 12:16:04'),
('6195e22df9f9d978e920007bd5fdd46273d1e0410474e88ddf89e8a15d43984dba6c392bddbb947d', 4, 1, 'bigStore', '[]', 0, '2020-04-06 13:01:47', '2020-04-06 13:01:47', '2021-04-06 15:01:47'),
('624e7a7faa70d9cf273b4da6d18f5f6b7f002693d1d41e9285eb0734d965916cbe1d6bc080f9b2fd', 2, 1, 'bigStore', '[]', 0, '2020-04-08 10:20:01', '2020-04-08 10:20:01', '2021-04-08 12:20:01'),
('627f3159c385d3fa81a9b00ca20055a92ed64c83c012c829adc5b29608c4e3905f3e56601b3f421c', 31, 1, 'bigStore', '[]', 0, '2020-04-07 09:46:59', '2020-04-07 09:46:59', '2021-04-07 11:46:59'),
('635d98c187ea801cfa6089c3af7c0aa10b5a3c575759acbd4eae7e9bd6e49f3885acf8bf39aa6d33', 1, 1, 'bigStore', '[]', 0, '2020-03-02 15:15:21', '2020-03-02 15:15:21', '2021-03-02 16:15:21'),
('642db0d44e3ca7f7d36747ddf71e6a9cc45d1ed5552bb843bc39b472464a15bd05bb2e9265c76d6f', 1, 1, 'bigStore', '[]', 0, '2020-04-06 10:29:38', '2020-04-06 10:29:38', '2021-04-06 12:29:38'),
('65538f613948c1126550eec198ea6ec08fae2dac9ce555cc421e95ff5e70f595fcc281e99ba48fb1', 16, 1, 'bigStore', '[]', 0, '2020-04-20 11:32:35', '2020-04-20 11:32:35', '2021-04-20 13:32:35'),
('662dbd300b668ecf217d83c91cf3511ab02b7a56506cb97a53a25feda21119246b4a5025ecd1b23d', 9, 1, 'bigStore', '[]', 0, '2020-04-09 07:15:31', '2020-04-09 07:15:31', '2021-04-09 09:15:31'),
('668995bb86751e0509aee668f3889e7f6ee58ed2277eab91bf485dbff2af5baaaf631d741c024844', 4, 1, 'bigStore', '[]', 0, '2020-04-03 07:49:01', '2020-04-03 07:49:01', '2021-04-03 09:49:01'),
('674347f66a9e1299e2cd26398d99121071072266e4203e901989cedc204b49d90b9efc62404ce64d', 2, 1, 'bigStore', '[]', 0, '2020-01-28 23:23:22', '2020-01-28 23:23:22', '2021-01-29 00:23:22'),
('683d3f760962ce5cb6ca00b22b497dae64954f81810ce13a7e7fe725289e9603f6d6b6f0e0be6183', 15, 1, 'bigStore', '[]', 0, '2020-04-20 11:16:26', '2020-04-20 11:16:26', '2021-04-20 13:16:26'),
('68ca0cab37bf63750c2439204afdb52ec10c3dc3b25b4c603afc4feebd4877a2fd414792f9cc436d', 4, 1, 'bigStore', '[]', 0, '2020-04-07 11:01:02', '2020-04-07 11:01:02', '2021-04-07 13:01:02'),
('68e96d1664ec8f4c0debe687507de324f0f91438e4082308b71fc99e017858a4649fc41b82fcf52a', 4, 1, 'bigStore', '[]', 0, '2020-04-24 07:32:47', '2020-04-24 07:32:47', '2021-04-24 09:32:47'),
('6a30c6eb4c404e48223e0b184c486c1e78eb939a9166202e5f57c3d7cc99275450c80db3e842925b', 4, 1, 'bigStore', '[]', 0, '2020-04-03 11:33:40', '2020-04-03 11:33:40', '2021-04-03 13:33:40'),
('6a9541741ca243ff38dbf0fa669d35271c50ee5f72e279be556a6cfeacb53b0c1b64bd95e3665ee6', 1, 1, 'bigStore', '[]', 0, '2020-03-02 14:40:59', '2020-03-02 14:40:59', '2021-03-02 15:40:59'),
('6b4ec9310cf8432326c576d2e5a0920d913916438d6af21f43dff1f7ec1df0f97debc18f926194fe', 4, 1, 'bigStore', '[]', 0, '2020-04-08 10:15:46', '2020-04-08 10:15:46', '2021-04-08 12:15:46'),
('6c67cba7eb203d5762db7ae46d3476f766eee2a1069242b8855c5e877eb320362ee4c29462c80ffb', 1, 1, 'bigStore', '[]', 0, '2020-03-02 07:44:30', '2020-03-02 07:44:30', '2021-03-02 08:44:30'),
('6ca32a5609de04861fc9b4b7113ed137ca5609df4c2046533c82d1d3d7b54fedbaf6e84ccf010994', 32, 1, 'bigStore', '[]', 0, '2020-04-07 10:51:31', '2020-04-07 10:51:31', '2021-04-07 12:51:31'),
('6ca7724dd35212cace6267536529e4db0bbb06d4ccba5a83df0cf476316f84bc6d9205afcd5c133a', 3, 1, 'bigStore', '[]', 0, '2020-03-02 15:16:33', '2020-03-02 15:16:33', '2021-03-02 16:16:33'),
('6da96e64d9d12d7267c4f9137ba19fbbd79b88b96dff7d38b3a12cfc0931969f71b9e1f17f526c90', 1, 1, 'bigStore', '[]', 0, '2020-02-26 18:22:12', '2020-02-26 18:22:12', '2021-02-26 19:22:12'),
('6e2c26172d409efefa753a8498cf4c1a0032131e660c912c83f609a7053d87abb3a1cd5a38a6e13b', 4, 1, 'bigStore', '[]', 0, '2020-04-28 09:13:54', '2020-04-28 09:13:54', '2021-04-28 11:13:54'),
('6f4b62049650acc7844b3ef62b98979f0f9f5ce4ea5ae7d70ec2999d23a9737362dd0479f9f40cab', 4, 1, 'bigStore', '[]', 0, '2020-05-14 11:28:54', '2020-05-14 11:28:54', '2021-05-14 13:28:54'),
('7253381e23d969445a2be4374e8ba0452843521ee06e01b785bcc260109f6f2bdd579178eccc501a', 9, 1, 'bigStore', '[]', 0, '2020-04-06 10:40:17', '2020-04-06 10:40:17', '2021-04-06 12:40:17'),
('725f28ecd1f86f409ebf1d8a8da48ad747b0947f83f57a6a649dca373cd0c644965f1dff674eaa08', 13, 1, 'bigStore', '[]', 0, '2020-04-06 13:02:54', '2020-04-06 13:02:54', '2021-04-06 15:02:54'),
('7277fc505cfc2d808573e733276323c13c9cb8880ce50fad736110559029f9d4f62329605d7ff0f2', 12, 1, 'bigStore', '[]', 0, '2020-04-20 11:21:39', '2020-04-20 11:21:39', '2021-04-20 13:21:39'),
('739070d4b8f230cd43968e163dd1fe5f4ed5416d998d63f94593e78180bbd190abc69334699b1798', 2, 1, 'bigStore', '[]', 0, '2020-04-06 08:27:18', '2020-04-06 08:27:18', '2021-04-06 10:27:18'),
('7435d0a9a613df6aeb4c8bb6c590cfaf99ace77128d07d788c96cd968ddb933d247782ecc06ec3e1', 1, 1, 'bigStore', '[]', 0, '2020-02-26 18:40:34', '2020-02-26 18:40:34', '2021-02-26 19:40:34'),
('7b6ece5d6030715857472679f74890320c9d06bdfa4cc84c78f78b161cb575f328458ee4bedaac2f', 1, 1, 'bigStore', '[]', 0, '2020-04-06 08:23:22', '2020-04-06 08:23:22', '2021-04-06 10:23:22'),
('7bdbf0242d5ef28d39b31037552296ec2d82a5a13f4bc41c12f93c1b01d1187ccb2373d148aad337', 4, 1, 'bigStore', '[]', 0, '2020-04-07 10:48:18', '2020-04-07 10:48:18', '2021-04-07 12:48:18'),
('7d00ec65baaf0576188b41c3a54508743754d6deb8af0668f18dbf7e222a43a50c9cd571a7a1671e', 1, 1, 'bigStore', '[]', 0, '2020-02-27 09:12:59', '2020-02-27 09:12:59', '2021-02-27 10:12:59'),
('7d447b01cb1fa3ac72bbc5c168eaf8e981b4e4d0abb2d427a44b6db1c6ad9943ed573d543a647ab9', 3, 1, 'bigStore', '[]', 0, '2020-03-11 15:19:28', '2020-03-11 15:19:28', '2021-03-11 16:19:28'),
('7d814c416c193469cd11af157fb3e01784cee5523e1965df3e7bad221af920c7398fdea1ef5849c5', 1, 1, 'bigStore', '[]', 0, '2020-02-25 12:16:11', '2020-02-25 12:16:11', '2021-02-25 13:16:11'),
('8140b4fdb2e5a067923a4bac43136908d31af6f3dbc2cd150729f7a4b750a757e571cac4143743d1', 3, 1, 'bigStore', '[]', 0, '2020-06-16 10:35:19', '2020-06-16 10:35:19', '2021-06-16 12:35:19'),
('81795ba96e91739f20bc089b32add3c20dc371b2f35db316a8f13e3637d19b80ada642e6fd9b3090', 17, 1, 'bigStore', '[]', 0, '2020-04-20 11:45:06', '2020-04-20 11:45:06', '2021-04-20 13:45:06'),
('82d83f5851a119eae7664749b5d9d2fa7f638cfe74414da047e816c5f53cc6934cc5f49d203e5d51', 4, 1, 'bigStore', '[]', 0, '2020-04-07 07:40:46', '2020-04-07 07:40:46', '2021-04-07 09:40:46'),
('83e023a3b91a3f1cebdcb230ccf4b94e6a9dc624bb738b52dfb39ba02adabab73272ed3fd2e22718', 16, 1, 'bigStore', '[]', 0, '2020-04-06 13:21:41', '2020-04-06 13:21:41', '2021-04-06 15:21:41'),
('83e69c00735536734173d354458a0838a307d47795ab95db15f2d23418661abc25470e5cd54be9b7', 1, 1, 'bigStore', '[]', 0, '2020-04-06 08:10:09', '2020-04-06 08:10:09', '2021-04-06 10:10:09'),
('83fc12e55c2acb8d8a5418c0dcad526c5d89bcd82ecafe26f59e01c2c7aacc9dd0d1556046646d95', 1, 1, 'bigStore', '[]', 0, '2020-04-07 13:52:34', '2020-04-07 13:52:34', '2021-04-07 15:52:34'),
('84e72c40a43338f56ae384aa812a3e3944cbcc524c2b6d426d2420c3b38ea641f95c44940b4b1fd1', 1, 1, 'bigStore', '[]', 0, '2020-04-06 10:37:06', '2020-04-06 10:37:06', '2021-04-06 12:37:06'),
('857f4e93f18c99f0611d42ef6a345006d93141c2af07afcdc25095ee65af5becb37be3b304dcb4b1', 7, 1, 'bigStore', '[]', 0, '2020-04-06 10:28:05', '2020-04-06 10:28:05', '2021-04-06 12:28:05'),
('859c1be9f2552da44140df3873ddb6bae97beaa5c6d22c258f1de3d0295bdcf539949c645ce306ae', 1, 1, 'bigStore', '[]', 0, '2020-03-02 14:15:54', '2020-03-02 14:15:54', '2021-03-02 15:15:54'),
('8764267677e061b2d72ab5106bd1bb06ed09b547ad5179105d41b421f4b211771f77291e278e19b5', 18, 1, 'bigStore', '[]', 0, '2020-04-20 11:53:37', '2020-04-20 11:53:37', '2021-04-20 13:53:37'),
('876a89e2e507e734059280367c5194b4cbf77b858b2dca9282c1a6e1fac746919c4bbd1552cc0b4a', 4, 1, 'bigStore', '[]', 0, '2020-04-28 06:54:17', '2020-04-28 06:54:17', '2021-04-28 08:54:17'),
('89435abe49232c235934291b2f9e1036e428a4dda853668c47f1014b3135145df1896054afc388eb', 1, 1, 'bigStore', '[]', 0, '2020-04-06 07:01:54', '2020-04-06 07:01:54', '2021-04-06 09:01:54'),
('8ac5751d0ba308867c2a5582978beccfb305a412f82d1880520477afe713e3e882a2b0da23baadaf', 1, 1, 'bigStore', '[]', 0, '2020-03-02 08:32:16', '2020-03-02 08:32:16', '2021-03-02 09:32:16'),
('8b0923c91f15a1988d708ae4c9583008fafbc19601e73de9e645955067757fed0dd45d7e38b18532', 4, 1, 'bigStore', '[]', 0, '2020-04-07 07:31:44', '2020-04-07 07:31:44', '2021-04-07 09:31:44'),
('8b233b8c7f6874e2977d44210dc3b54c98c227369fe2140eb21a7a633a8944fd6eb142842e3cb6d6', 1, 1, 'bigStore', '[]', 0, '2020-04-09 09:01:19', '2020-04-09 09:01:19', '2021-04-09 11:01:19'),
('8dde76d91b397587abee66c8e4ebc1da683b455b5e414322b26fed75b1ac9a5530659bc024c09ec8', 6, 1, 'bigStore', '[]', 0, '2020-04-08 10:46:57', '2020-04-08 10:46:57', '2021-04-08 12:46:57'),
('903dbbc78b3402d1c0165ca518649f025e07edf64780dfb3f7a55321aaa23844c59c11223c5ac254', 3, 1, 'bigStore', '[]', 0, '2020-03-02 12:55:33', '2020-03-02 12:55:33', '2021-03-02 13:55:33'),
('9145849e39f85957c6c3180219bf798b45d13f9d01441420e213d6f84c7054b41d67800f62672498', 2, 1, 'bigStore', '[]', 0, '2020-04-09 07:14:38', '2020-04-09 07:14:38', '2021-04-09 09:14:38'),
('9281141e5949bc930a58b16b8795160fc5981133439d70bea63490f439ab76d6d0dfa05dbb1b76ce', 4, 1, 'bigStore', '[]', 0, '2020-04-08 12:03:38', '2020-04-08 12:03:38', '2021-04-08 14:03:38'),
('93c0a50671922d62b99c787cd84dc20eb6c5462dcd79f13515b9cacf7c766d06ed7fafc490ee68dd', 1, 1, 'bigStore', '[]', 0, '2020-04-07 10:59:05', '2020-04-07 10:59:05', '2021-04-07 12:59:05'),
('942eb1f983ad522798bc47dfc837b410ceac5175993e12711b35f3955987da11806dac0a00271caf', 1, 1, 'bigStore', '[]', 0, '2020-03-30 12:34:33', '2020-03-30 12:34:33', '2021-03-30 14:34:33'),
('958beefa51d68d91bc5bf3b2bc9120d67d5d14c82c1f9a65aadbc420f8a935355c6dcbb59ca5c803', 4, 1, 'bigStore', '[]', 0, '2020-04-08 07:38:33', '2020-04-08 07:38:33', '2021-04-08 09:38:33'),
('97ca18549acc23848c09a101c98058964dd96967474105642086aa8f6f7053a12126ae587031fcb9', 1, 1, 'bigStore', '[]', 0, '2020-02-26 20:06:51', '2020-02-26 20:06:51', '2021-02-26 21:06:51'),
('980ece19c79f9c62bf7ad2765aec97790c6619d88ad39d71f9e74042b66b84f44cb4810174c67d2d', 4, 1, 'bigStore', '[]', 0, '2020-04-06 08:25:54', '2020-04-06 08:25:54', '2021-04-06 10:25:54'),
('98b1ee12013e882217379fc51f69369744ba133c998ed62968240fabbe28b82439cce63e1280f540', 4, 1, 'bigStore', '[]', 0, '2020-04-20 10:57:29', '2020-04-20 10:57:29', '2021-04-20 12:57:29'),
('99f872fd2165208f98d1f83ded939cf8ab2993293e10f0fb10bb87fb58bb7a21147b9525c46d7ae5', 4, 1, 'bigStore', '[]', 0, '2020-04-08 10:24:04', '2020-04-08 10:24:04', '2021-04-08 12:24:04'),
('9da9efad4c785969618ea3b28d8d283eeedade27196ee050c7cf5df8d6bbf8dbd6dbe0c250c8c6d1', 1, 1, 'bigStore', '[]', 0, '2020-04-03 11:13:19', '2020-04-03 11:13:19', '2021-04-03 13:13:19'),
('9e15016b9cab9f95d9ed7323d768f44541a01235250c74872caec25dbb0991e953ba7c5d6a4abdf7', 2, 1, 'bigStore', '[]', 0, '2020-04-03 10:34:18', '2020-04-03 10:34:18', '2021-04-03 12:34:18'),
('9e5b1d95804f0a7e290370f8ebefc1f0d5c52ab5b6ea526fd5c207f85567eba2ce6de86766222ed3', 1, 1, 'bigStore', '[]', 0, '2020-03-02 15:33:31', '2020-03-02 15:33:31', '2021-03-02 16:33:31'),
('9edad4414944bc9abdced29fba4813e36f4e7d97ab2c9cba367f95586064d86e24ae4665d0ef1c0a', 21, 1, 'bigStore', '[]', 0, '2020-04-07 07:45:24', '2020-04-07 07:45:24', '2021-04-07 09:45:24'),
('a0aeba70ed372815bcf1b00cd0f069c5330477ff4d33d425eee6961d4b91b976fe8cbea32f923b9c', 2, 1, 'bigStore', '[]', 0, '2020-04-08 07:30:02', '2020-04-08 07:30:02', '2021-04-08 09:30:02'),
('a0d1040b6a2feb83321469056aab31b4afb35cff7f05e3cad97d974b9adae59956c8891849f49810', 1, 1, 'bigStore', '[]', 0, '2020-02-26 19:14:55', '2020-02-26 19:14:55', '2021-02-26 20:14:55'),
('a27a6c2763d37ee3ef951cd891422767e61e68c65e21c031b2bf6c2ad6a47e80e30068459385565a', 29, 1, 'bigStore', '[]', 0, '2020-04-07 09:34:46', '2020-04-07 09:34:46', '2021-04-07 11:34:46'),
('a2bed1e91fa16922e2770209719b67e5490734e2da728c18ebc99fd86e04e8f407bdc125e4f4e4e1', 25, 1, 'bigStore', '[]', 0, '2020-04-07 07:53:40', '2020-04-07 07:53:40', '2021-04-07 09:53:40'),
('a54538a02b554bd115849a0f82435fde87dd564b40e2386d3ab1ceb02f1a93d3cdb848fd28202ca1', 3, 1, 'bigStore', '[]', 0, '2020-03-02 12:53:04', '2020-03-02 12:53:04', '2021-03-02 13:53:04'),
('a711e6aece1c8e631af654af83d823c776707da4a5cc9b003582e3b8bfc2804da19bae26163cb2b3', 1, 1, 'bigStore', '[]', 0, '2020-04-07 10:40:21', '2020-04-07 10:40:21', '2021-04-07 12:40:21'),
('a813af02087a1d69e2bc3fc44026f7ab52a123628e18a05b09f86b3025d1dcf5c8e6a1c77203898b', 1, 1, 'bigStore', '[]', 0, '2020-04-08 07:47:23', '2020-04-08 07:47:23', '2021-04-08 09:47:23'),
('a89eac27360573543da4b0cd6b75315e22b077e946e09ea721cf94d7448c59897180e2b4ffbe6167', 13, 1, 'bigStore', '[]', 0, '2020-04-20 08:58:15', '2020-04-20 08:58:15', '2021-04-20 10:58:15'),
('aa06b587bfbd200cd79b0c9f5f20154f70a522f21afcf9097b1d015b77b56b05df769a0130fade4a', 1, 1, 'bigStore', '[]', 0, '2020-02-26 19:41:54', '2020-02-26 19:41:54', '2021-02-26 20:41:54'),
('aaaca92edc993d63ceeecef97ece891f4ebe521bbf7005a3a30602aaeff649b557b6ed093192286b', 1, 1, 'bigStore', '[]', 0, '2020-02-20 12:54:32', '2020-02-20 12:54:32', '2021-02-20 13:54:32'),
('ab660214bec6c2f0acb1cd50e955cd5fcbdf614f16fc7fdb23463230b54147909454285d97b65e94', 1, 1, 'bigStore', '[]', 0, '2020-03-11 15:41:12', '2020-03-11 15:41:12', '2021-03-11 16:41:12'),
('acdaa64d3b55ec5a8a54c4a39e5f20af7eaf08ddbb15c439d29c12dd1be7c2f72eb18ca1ded5183a', 1, 1, 'bigStore', '[]', 0, '2020-02-26 18:41:40', '2020-02-26 18:41:40', '2021-02-26 19:41:40'),
('ade112dea7ea093306e093d434d3a0b42de3756a2c14ffb0f288919c82767f405df5cd4ac4189662', 1, 1, 'bigStore', '[]', 0, '2020-03-11 15:45:45', '2020-03-11 15:45:45', '2021-03-11 16:45:45'),
('aed84482171dbe9ebbedbd4227f1b5f9db0cf6644372a7cbfeb649f484ed5d2ce6b7b992db4e54f3', 19, 1, 'bigStore', '[]', 0, '2020-04-06 13:45:17', '2020-04-06 13:45:17', '2021-04-06 15:45:17'),
('af1cf23666b6eff37cc81b3691d50e4d5484cced53ef2d14c88830457fd8ed90c25bd86c7ad75947', 1, 1, 'bigStore', '[]', 0, '2020-03-11 18:21:56', '2020-03-11 18:21:56', '2021-03-11 19:21:56'),
('afdda1e7d7ac4db01772864df50183d56c38bded4bea37e541be7b2e33e54bd8076df49549a792ec', 3, 1, 'bigStore', '[]', 0, '2020-04-06 06:18:32', '2020-04-06 06:18:32', '2021-04-06 08:18:32'),
('b13d64b2de001ae427bc6bb10360cb53acc829abf1e3a32169598c87384e3b0f6588ddf176c472d5', 3, 1, 'bigStore', '[]', 0, '2020-03-09 18:47:48', '2020-03-09 18:47:48', '2021-03-09 19:47:48'),
('b2799a45cc33762955e65eaa1d6c8fb63ee7306d8a1c6f3b1e8f224a0a809911a1cb24d685a9f7f5', 1, 1, 'bigStore', '[]', 0, '2020-02-25 12:12:10', '2020-02-25 12:12:10', '2021-02-25 13:12:10'),
('b39763a1a3e56fc68eb904b1ae8358423aa050a8be0275f162cd694a04ec36ed17b5b61afa370335', 21, 1, 'bigStore', '[]', 0, '2020-04-20 12:19:43', '2020-04-20 12:19:43', '2021-04-20 14:19:43'),
('b5414981285ffb5a658f28d12748cf52fbcb668a89891050c55214fc2d1ca291fb27c7bd34363d80', 2, 1, 'bigStore', '[]', 0, '2020-04-06 10:25:53', '2020-04-06 10:25:53', '2021-04-06 12:25:53'),
('b6f0620919e692febbc51bcef9ee4b9ed5356983ac02d674ba14d5fdacaf4741d1a2925e47f4da83', 28, 1, 'bigStore', '[]', 0, '2020-04-07 08:09:03', '2020-04-07 08:09:03', '2021-04-07 10:09:03'),
('b759303b710e76df579b96791860977aeaf15e7f8ff4ff98c71f0b8dc5cebbbcaf589aabc254248e', 20, 1, 'bigStore', '[]', 0, '2020-04-20 12:14:11', '2020-04-20 12:14:11', '2021-04-20 14:14:11'),
('b889d7efe4f3bb6eedc58ccc53e04e9aa5c980a37011bc995d9da2758e36e1a41ab6aabc5b84f98b', 2, 1, 'bigStore', '[]', 0, '2020-06-10 07:08:04', '2020-06-10 07:08:04', '2021-06-10 09:08:04'),
('b962c30fccffaf63b090dab60d667d29afc3683f8bf649a99934c210c7c217f6a7202915738dbb94', 1, 1, 'bigStore', '[]', 0, '2020-03-30 11:20:37', '2020-03-30 11:20:37', '2021-03-30 13:20:37'),
('ba70fe74e975ff2fe6c6ce9c9605bde326633f05527e8a0c4d1128e95099e60c888fe14f66c0106e', 2, 1, 'bigStore', '[]', 0, '2020-06-18 17:48:52', '2020-06-18 17:48:52', '2021-06-18 19:48:52'),
('ba82f8d9327e4f09743f95507f26c53290faa6f2fa531280422a9f28cc8e966307acce06a81321de', 1, 1, 'bigStore', '[]', 0, '2020-03-02 08:31:41', '2020-03-02 08:31:41', '2021-03-02 09:31:41'),
('bb8ad6b35015a32193fa9fd3a7cf1b030001799525c4dfad1715db478dd052cf658213b9de199293', 4, 1, 'bigStore', '[]', 0, '2020-05-27 06:13:52', '2020-05-27 06:13:52', '2021-05-27 08:13:52'),
('bd5e2723cfee2f795333c3e5a54c2b9ebc2f62f4ebb25208b83ce880e7d582dad30a86ce279c6c52', 1, 1, 'bigStore', '[]', 0, '2020-04-08 07:18:08', '2020-04-08 07:18:08', '2021-04-08 09:18:08'),
('be6fbd7a84b8e02161fff039f0d86c88b2c94976d018fbe754cbf8c7bf8b136cf45be1de0ab72c6b', 4, 1, 'bigStore', '[]', 0, '2020-04-06 13:44:20', '2020-04-06 13:44:20', '2021-04-06 15:44:20'),
('c018de016abda3e3bc0f74ed09c6516800032f07b7dfcce78eba57729a9dfd4a90a81e07a7f11f24', 4, 1, 'bigStore', '[]', 0, '2020-04-08 11:01:55', '2020-04-08 11:01:55', '2021-04-08 13:01:55'),
('c0ecb9c8585720227b50bfc70f8e28be7574755b54b67a08f0f48c5b6ce26e90ce25c5e3e34155d2', 19, 1, 'bigStore', '[]', 0, '2020-04-20 11:58:18', '2020-04-20 11:58:18', '2021-04-20 13:58:18'),
('c169c197bb47cdef2ac940d38f0d27610b3dd44c7a7d502ee8732c25f0a3902d375678f7d35f1298', 1, 1, 'bigStore', '[]', 0, '2020-02-26 19:43:32', '2020-02-26 19:43:32', '2021-02-26 20:43:32'),
('c1e9f4474adaf34ca9ac569b824d856f7ce06b337c67984738ceb5c9b2aeb9e62eab46a82c352c14', 4, 1, 'bigStore', '[]', 0, '2020-04-27 17:48:47', '2020-04-27 17:48:47', '2021-04-27 19:48:47'),
('c2a94afe09612ba5ee76005bb20ddcd10b6acacec9b8c378617c9590b7bdb6e28acf0f67f0a1034e', 3, 1, 'bigStore', '[]', 0, '2020-04-24 07:28:07', '2020-04-24 07:28:07', '2021-04-24 09:28:07'),
('c3ec2477ce6a09b05165ff8635a63df5cdc81bab897e377469d203d7053862d089063b6b0f4d913b', 1, 1, 'bigStore', '[]', 0, '2020-03-02 14:12:57', '2020-03-02 14:12:57', '2021-03-02 15:12:57'),
('c7ddfd3ec643852200e17ee56964003f8ced52a1220ca580df14243efbb7dfd06824e43dcb6cfc39', 22, 1, 'bigStore', '[]', 0, '2020-04-20 12:23:33', '2020-04-20 12:23:33', '2021-04-20 14:23:33'),
('c7f7cbdf360d083746cbc3f1409797f8f851a85502b0da9c37541682c3327491da4d228e24f4a03b', 6, 1, 'bigStore', '[]', 0, '2020-04-06 10:20:12', '2020-04-06 10:20:12', '2021-04-06 12:20:12'),
('c881c89a71655da96065089cb0fa2e63874098af5319b42f8eada7239ce6d7e4cbda7ebb3ebf10e1', 1, 1, 'bigStore', '[]', 0, '2020-02-26 18:40:02', '2020-02-26 18:40:02', '2021-02-26 19:40:02'),
('ca8f6e6a2623245a2967363235875f2fafe3d9ebda7638df807b40c60c136d7fefb0981916d7651f', 3, 1, 'bigStore', '[]', 0, '2020-03-11 15:30:59', '2020-03-11 15:30:59', '2021-03-11 16:30:59'),
('ca994ce7a4e785a6494a3852623705237f063b208e2ce597308871dc586372b72a2360321cf0ad44', 1, 1, 'bigStore', '[]', 0, '2020-02-26 17:23:15', '2020-02-26 17:23:15', '2021-02-26 18:23:15'),
('cb2f0f54848247f88119df2df41a6364f922026c87f534374eb4e90e9bc669f7e15536aad19e1d7c', 3, 1, 'bigStore', '[]', 0, '2020-03-02 10:21:57', '2020-03-02 10:21:57', '2021-03-02 11:21:57'),
('cb5e592c45f3845ae4c60120ad90490fe6c166185fcd023ef0fb57a51fbe260116ebf3a9a153b5be', 15, 1, 'bigStore', '[]', 0, '2020-04-06 13:19:14', '2020-04-06 13:19:14', '2021-04-06 15:19:14'),
('cb7e8cf0da08a0d572767042b73c882605175f15cf1bbcc91625301a8c62bd853a790456e6534837', 14, 1, 'bigStore', '[]', 0, '2020-04-06 13:10:57', '2020-04-06 13:10:57', '2021-04-06 15:10:57'),
('cc4399b502890a8d791dc8dec0b56d1a10e0e5fd789bc28331850dbcfe0485c50ad9d90eeb57d9c7', 1, 1, 'bigStore', '[]', 0, '2020-02-27 09:06:54', '2020-02-27 09:06:54', '2021-02-27 10:06:54'),
('cc498f56431681de2a64176b520ed45318eedebe2b1b33c99f62b7ee849fcaabd0c54fdeff12a042', 2, 1, 'bigStore', '[]', 0, '2020-04-02 07:31:52', '2020-04-02 07:31:52', '2021-04-02 09:31:52'),
('cce2433d14a5491ffa9d815aaf6564f4ac529d43211bdc5d6c71ccae330a6eb92c805a5fe94e9b69', 4, 1, 'bigStore', '[]', 0, '2020-04-21 09:17:55', '2020-04-21 09:17:55', '2021-04-21 11:17:55'),
('cd0fc651ebb885be97d5142672297f5159b955d07e637b98b7cd71a337d338598a3dac71e8f40fea', 1, 1, 'bigStore', '[]', 0, '2019-12-19 15:52:21', '2019-12-19 15:52:21', '2020-12-19 16:52:21'),
('cd1af374eb9ff47435b82a90b729f7fb8a92e4cc7538b79ef72bef7285555d84854f590efb9b6d09', 4, 1, 'bigStore', '[]', 0, '2020-05-11 11:06:40', '2020-05-11 11:06:40', '2021-05-11 13:06:40'),
('cd378215261f1c22cabf0b315f7839dcf51a16a6f29edde821604da98d4cb5609f1498be36097709', 1, 1, 'bigStore', '[]', 0, '2020-03-02 18:37:56', '2020-03-02 18:37:56', '2021-03-02 19:37:56'),
('cd5d0d08d8d92b4c4d65f38d4e85dd357521b3501529ab03cf14e523d30117b406ce57cef616e958', 1, 1, 'bigStore', '[]', 0, '2020-02-26 17:26:20', '2020-02-26 17:26:20', '2021-02-26 18:26:20'),
('cf26a82826f8d8020bd46941417bbcb2a4b369bb6329d003baaa760732393afc010f5cc433574f5c', 4, 1, 'bigStore', '[]', 0, '2020-04-06 08:21:44', '2020-04-06 08:21:44', '2021-04-06 10:21:44'),
('d222bb5c7083a4a18ddd196ce686ea0df8695dadc3107a0df016cd7650059abf5b06010956a49fbc', 23, 1, 'bigStore', '[]', 0, '2020-04-07 07:47:47', '2020-04-07 07:47:47', '2021-04-07 09:47:47'),
('d2b3e25e698b37808cf6042abe7e4420c9bd8a036bc4265988cfa235f282894ce4fe692bb07b70ec', 1, 1, 'bigStore', '[]', 0, '2020-02-26 17:43:57', '2020-02-26 17:43:57', '2021-02-26 18:43:57'),
('d352123b62913292289c179ad6e90d4a7eaab0a7500b1afb4335d8d0804690ebd2152deb29806a37', 25, 1, 'bigStore', '[]', 0, '2020-05-13 13:43:12', '2020-05-13 13:43:12', '2021-05-13 15:43:12'),
('d9a313700b58a1f69f926ee4e2d025a96f03bc92d6cb3ec99786667825e80fbe17d89bdb83ca9795', 1, 1, 'bigStore', '[]', 0, '2020-03-02 19:06:07', '2020-03-02 19:06:07', '2021-03-02 20:06:07'),
('dbcc386f8207ec74d8586e02e54ee2908fff0f38a452dce515e8a68499e3d10eea568cdc9b3096b0', 1, 1, 'bigStore', '[]', 0, '2020-04-08 08:18:38', '2020-04-08 08:18:38', '2021-04-08 10:18:38'),
('dec37b5fa023c90890c8df3ae7d3a2263114214a7523c4200989fb295e3e87127ec1b2ce8b99ecc1', 1, 1, 'bigStore', '[]', 0, '2020-03-11 15:24:06', '2020-03-11 15:24:06', '2021-03-11 16:24:06'),
('e0017fb175902f5ea72694ad9b8618976d5402fff0e4f2c739f36530048f2dfc8b397aa25d2185d3', 1, 1, 'bigStore', '[]', 0, '2020-03-02 18:56:58', '2020-03-02 18:56:58', '2021-03-02 19:56:58'),
('e01896b86add590057229f7f195ee4d6ee6d1ac056af95fe91650964f174722c4d2fd07f89253ec8', 4, 1, 'bigStore', '[]', 0, '2020-06-19 06:35:54', '2020-06-19 06:35:54', '2021-06-19 08:35:54'),
('e0c4697dba8320d563af39854cf5308e3ecc9d3152391383579aadbd30e4f4f51a0718888930bd23', 2, 1, 'bigStore', '[]', 0, '2020-04-06 07:02:41', '2020-04-06 07:02:41', '2021-04-06 09:02:41'),
('e107137f61dea067aad9e49277011ed33bc2edd2cde76fbd9eade5d969829db355c758e758bfbc56', 2, 1, 'bigStore', '[]', 0, '2020-04-03 11:42:55', '2020-04-03 11:42:55', '2021-04-03 13:42:55'),
('e18e03bac811cc83c1d69ed19a6deb402af5d8c19657aa8fbb56f3ac2dd817517869eaba4fcd6f04', 3, 1, 'bigStore', '[]', 0, '2020-03-11 15:24:31', '2020-03-11 15:24:31', '2021-03-11 16:24:31'),
('e2608fdee285debc5e0dace8543a72c4b542f3ab76110392ca582aa2d33cec6fab9871b71c88c7f7', 4, 1, 'bigStore', '[]', 0, '2020-04-09 07:14:00', '2020-04-09 07:14:00', '2021-04-09 09:14:00'),
('e54aab1e3dec0423ba64ef37aea8ad13a8a398e944866939f2afc1f6f26fe587b72794ea2860af79', 11, 1, 'bigStore', '[]', 0, '2020-04-06 12:33:38', '2020-04-06 12:33:38', '2021-04-06 14:33:38'),
('e84852887b842db77e705a12adc3fc139573a668fc20feecf5f04327bcd984e62b6b9a1d490197b0', 3, 1, 'bigStore', '[]', 0, '2020-05-27 06:12:32', '2020-05-27 06:12:32', '2021-05-27 08:12:32'),
('eb06fc4220a64b32263e8a406d401edb5817601161c500bcfc23919e61f6ce8e524d282fff9605f4', 18, 1, 'bigStore', '[]', 0, '2020-04-06 13:34:47', '2020-04-06 13:34:47', '2021-04-06 15:34:47'),
('ed5ca86cb2b5810aa6a863f8652454e6a9c2dda3f5e53643785c92554a3e34eda76f15244bb37a4a', 2, 1, 'bigStore', '[]', 0, '2020-05-27 06:11:38', '2020-05-27 06:11:38', '2021-05-27 08:11:38'),
('edd9fc18275298341da7c5244729a0a34e9d17f3b16be8461187565894f301b98fa9eab8aba49ad7', 1, 1, 'bigStore', '[]', 0, '2020-02-26 19:20:42', '2020-02-26 19:20:42', '2021-02-26 20:20:42'),
('efabcf5ca9bda83b6250bcb3b47455a9199334a343a3ed39d5686e46236d80034b7632f0a25dedf6', 1, 1, 'bigStore', '[]', 0, '2020-02-26 18:54:43', '2020-02-26 18:54:43', '2021-02-26 19:54:43'),
('efd576cd65a86f01aba3a6ada78d0ad48d513a3862a00a7396d84dae8cb1eaa60173cf355f8a72d6', 4, 1, 'bigStore', '[]', 0, '2020-04-08 10:51:19', '2020-04-08 10:51:19', '2021-04-08 12:51:19'),
('f05897a63fb698a7e3c7675f1c18349e6da5c5a79c1ff67645374e8b91b0c754afa7780cfce03957', 23, 1, 'bigStore', '[]', 0, '2020-04-20 12:30:21', '2020-04-20 12:30:21', '2021-04-20 14:30:21'),
('f15b57ed4920003af55544a74cb931663ce608a50fbe3dab1d90ff7d75a2664381457a7bc0a3b188', 1, 1, 'bigStore', '[]', 0, '2020-02-27 09:09:01', '2020-02-27 09:09:01', '2021-02-27 10:09:01'),
('f32d293862474e9df77c374dfb9dac621ed837e79fd4107a05dbe730abcab675c1f2ce0d19082e78', 4, 1, 'bigStore', '[]', 0, '2020-04-03 11:18:48', '2020-04-03 11:18:48', '2021-04-03 13:18:48'),
('f378837d54641f508df6366ee7f4ff72a1911f8d3fecb491f3953a2f0c95bc8fb427f7b182925bbe', 4, 1, 'bigStore', '[]', 0, '2020-04-25 12:19:24', '2020-04-25 12:19:24', '2021-04-25 14:19:24'),
('f382da426f2f4119337d55fa87bc807d98030ecafdeda42e8338a3392f94c9c8c81601ab06e214a7', 1, 1, 'bigStore', '[]', 0, '2020-02-26 17:22:35', '2020-02-26 17:22:35', '2021-02-26 18:22:35'),
('f544b2f7ed9faa3150b64842674d25fdd63902a78010b2eeb408486d12ed1b1e0e6009a45eb04f80', 26, 1, 'bigStore', '[]', 0, '2020-04-07 07:55:44', '2020-04-07 07:55:44', '2021-04-07 09:55:44'),
('f7e6b246c28fc24d2b7a50048683d8a8e5d7eaf22ceb848f4473c056985617da764363a989c77220', 4, 1, 'bigStore', '[]', 0, '2020-04-09 07:16:09', '2020-04-09 07:16:09', '2021-04-09 09:16:09'),
('f812e9ddb2ad09e10786a594713dec88fe1270eb7bf26940c590ed5015efacb3f7a35913da553e63', 2, 1, 'bigStore', '[]', 0, '2020-04-03 11:27:31', '2020-04-03 11:27:31', '2021-04-03 13:27:31'),
('f98e76301094b3c43f23f565bc955959f79bbc51ef88058ab9e59cfb1045e4823a8403ddbe15a43c', 4, 1, 'bigStore', '[]', 0, '2020-06-18 17:42:22', '2020-06-18 17:42:22', '2021-06-18 19:42:22'),
('fc14dd83b61c9206d9aea14588c114c8e38a86604d8347ad6382f37c1419a6ff0362e61ac97fbae3', 2, 1, 'bigStore', '[]', 0, '2020-04-03 11:37:13', '2020-04-03 11:37:13', '2021-04-03 13:37:13'),
('fed6c23b733b8647d79604108791bc78b60e9ab54725d9676a922073f73bc03161b932a966722801', 4, 1, 'bigStore', '[]', 0, '2020-04-09 07:42:50', '2020-04-09 07:42:50', '2021-04-09 09:42:50'),
('ff1c54d1520f5ce27662bcf6813e334b604036b79ad54483f48f3bdaa9da8f193eea8eb720c4c69c', 1, 1, 'bigStore', '[]', 0, '2020-04-07 13:59:41', '2020-04-07 13:59:41', '2021-04-07 15:59:41');

-- --------------------------------------------------------

--
-- Structure de la table `oauth_auth_codes`
--

DROP TABLE IF EXISTS `oauth_auth_codes`;
CREATE TABLE IF NOT EXISTS `oauth_auth_codes` (
  `id` varchar(100) COLLATE utf8mb4_unicode_ci NOT NULL,
  `user_id` bigint(20) NOT NULL,
  `client_id` int(10) UNSIGNED NOT NULL,
  `scopes` text COLLATE utf8mb4_unicode_ci,
  `revoked` tinyint(1) NOT NULL,
  `expires_at` datetime DEFAULT NULL,
  PRIMARY KEY (`id`)
) ENGINE=InnoDB DEFAULT CHARSET=utf8mb4 COLLATE=utf8mb4_unicode_ci;

-- --------------------------------------------------------

--
-- Structure de la table `oauth_clients`
--

DROP TABLE IF EXISTS `oauth_clients`;
CREATE TABLE IF NOT EXISTS `oauth_clients` (
  `id` int(10) UNSIGNED NOT NULL AUTO_INCREMENT,
  `user_id` bigint(20) DEFAULT NULL,
  `name` varchar(191) COLLATE utf8mb4_unicode_ci NOT NULL,
  `secret` varchar(100) COLLATE utf8mb4_unicode_ci DEFAULT NULL,
  `redirect` text COLLATE utf8mb4_unicode_ci NOT NULL,
  `personal_access_client` tinyint(1) NOT NULL,
  `password_client` tinyint(1) NOT NULL,
  `revoked` tinyint(1) NOT NULL,
  `created_at` timestamp NULL DEFAULT NULL,
  `updated_at` timestamp NULL DEFAULT NULL,
  PRIMARY KEY (`id`),
  KEY `oauth_clients_user_id_index` (`user_id`)
) ENGINE=InnoDB AUTO_INCREMENT=3 DEFAULT CHARSET=utf8mb4 COLLATE=utf8mb4_unicode_ci;

--
-- Déchargement des données de la table `oauth_clients`
--

INSERT INTO `oauth_clients` (`id`, `user_id`, `name`, `secret`, `redirect`, `personal_access_client`, `password_client`, `revoked`, `created_at`, `updated_at`) VALUES
(1, NULL, 'AwakeLaravel Personal Access Client', 'Ya7NvLg1S2q2Jg0GMtrKs06edUqo24FDXkPJ942h', 'http://localhost', 1, 0, 0, '2019-12-19 14:46:43', '2019-12-19 14:46:43'),
(2, NULL, 'AwakeLaravel Password Grant Client', 'CQkgk56Movb9KuD6gexV3kFUGWUGVtSCjRmfiDlm', 'http://localhost', 0, 1, 0, '2019-12-19 14:46:43', '2019-12-19 14:46:43');

-- --------------------------------------------------------

--
-- Structure de la table `oauth_personal_access_clients`
--

DROP TABLE IF EXISTS `oauth_personal_access_clients`;
CREATE TABLE IF NOT EXISTS `oauth_personal_access_clients` (
  `id` int(10) UNSIGNED NOT NULL AUTO_INCREMENT,
  `client_id` int(10) UNSIGNED NOT NULL,
  `created_at` timestamp NULL DEFAULT NULL,
  `updated_at` timestamp NULL DEFAULT NULL,
  PRIMARY KEY (`id`),
  KEY `oauth_personal_access_clients_client_id_index` (`client_id`)
) ENGINE=InnoDB AUTO_INCREMENT=2 DEFAULT CHARSET=utf8mb4 COLLATE=utf8mb4_unicode_ci;

--
-- Déchargement des données de la table `oauth_personal_access_clients`
--

INSERT INTO `oauth_personal_access_clients` (`id`, `client_id`, `created_at`, `updated_at`) VALUES
(1, 1, '2019-12-19 14:46:43', '2019-12-19 14:46:43');

-- --------------------------------------------------------

--
-- Structure de la table `oauth_refresh_tokens`
--

DROP TABLE IF EXISTS `oauth_refresh_tokens`;
CREATE TABLE IF NOT EXISTS `oauth_refresh_tokens` (
  `id` varchar(100) COLLATE utf8mb4_unicode_ci NOT NULL,
  `access_token_id` varchar(100) COLLATE utf8mb4_unicode_ci NOT NULL,
  `revoked` tinyint(1) NOT NULL,
  `expires_at` datetime DEFAULT NULL,
  PRIMARY KEY (`id`),
  KEY `oauth_refresh_tokens_access_token_id_index` (`access_token_id`)
) ENGINE=InnoDB DEFAULT CHARSET=utf8mb4 COLLATE=utf8mb4_unicode_ci;

-- --------------------------------------------------------

--
-- Structure de la table `orders`
--

DROP TABLE IF EXISTS `orders`;
CREATE TABLE IF NOT EXISTS `orders` (
  `id` bigint(20) UNSIGNED NOT NULL AUTO_INCREMENT,
  `user_id` smallint(10) UNSIGNED DEFAULT NULL,
  `user_session` varchar(200) COLLATE utf8mb4_unicode_ci DEFAULT NULL,
  `total_price` double UNSIGNED NOT NULL DEFAULT '0',
  `payment_status` tinyint(1) NOT NULL DEFAULT '0',
  `is_delivered` tinyint(1) NOT NULL DEFAULT '0',
  `shipping_address` varchar(191) COLLATE utf8mb4_unicode_ci DEFAULT NULL,
  `shipping_country` varchar(160) COLLATE utf8mb4_unicode_ci DEFAULT NULL,
  `shipping_city` varchar(160) COLLATE utf8mb4_unicode_ci DEFAULT NULL,
  `shipping_postal_code` varchar(60) COLLATE utf8mb4_unicode_ci DEFAULT NULL,
  `created_at` timestamp NULL DEFAULT NULL,
  `updated_at` timestamp NULL DEFAULT NULL,
  `deleted_at` timestamp NULL DEFAULT NULL,
  PRIMARY KEY (`id`)
) ENGINE=InnoDB AUTO_INCREMENT=30 DEFAULT CHARSET=utf8mb4 COLLATE=utf8mb4_unicode_ci;

--
-- Déchargement des données de la table `orders`
--

INSERT INTO `orders` (`id`, `user_id`, `user_session`, `total_price`, `payment_status`, `is_delivered`, `shipping_address`, `shipping_country`, `shipping_city`, `shipping_postal_code`, `created_at`, `updated_at`, `deleted_at`) VALUES
(6, 2, NULL, 1889.5, 0, 0, 'avenue Militaire 123', 'Belgium', 'Bruxelles', '1310', '2020-01-27 18:37:04', '2020-06-18 17:48:52', NULL),
(12, 1, 'npGYxJD8p5tnvIBWlJOaufbuAasKCJy4hhNikdbL', 1243.5, 0, 0, 'Rue des Brisolers 895', 'Belgium5', 'Brussels5', '1040', '2020-01-27 19:09:20', '2020-04-20 10:41:47', NULL),
(13, 4, NULL, 556, 2, 1, 'Avenue Strass Kimbi 45', 'Belgium', 'Bruxelles', '1270', '2020-04-01 14:17:55', '2020-04-21 05:50:35', NULL),
(16, 11, 'npGYxJD8p5tnvIBWlJOaufbuAasKCJy4hhNikdbL', 808, 0, 0, 'Avenue Liberty, 13', 'Belgium', 'Bruxelles', '1223', '2020-04-14 15:30:12', '2020-04-14 15:32:10', NULL),
(25, 23, 'TZFaRbl6rPzk9Oh6S2e5TlnY30p9n1vkinr8nSzk', 176, 0, 0, 'Avenue QSSS 41', 'Croatia', 'Dubrovnik', '342111', '2020-04-20 12:28:52', '2020-04-21 05:50:06', NULL),
(26, 4, NULL, 561.5, 2, 0, 'Av Sqyyyy, 66', 'Belgique', 'Bruxelles', '22133', '2020-04-21 18:06:30', '2020-05-15 12:56:39', NULL),
(27, 4, NULL, 416, 2, 0, 'Rue Haute, 62', 'Belgiquelles', 'Bruxelles', '3399876', '2020-05-15 13:06:41', '2020-05-19 10:33:02', NULL),
(29, 4, NULL, 532, 0, 0, 'Av Loooo, 1366', 'Belgique', 'Bruxelles', '3399', '2020-05-19 10:52:46', '2020-06-19 06:35:54', NULL);

-- --------------------------------------------------------

--
-- Structure de la table `order_items`
--

DROP TABLE IF EXISTS `order_items`;
CREATE TABLE IF NOT EXISTS `order_items` (
  `id` bigint(20) UNSIGNED NOT NULL AUTO_INCREMENT,
  `order_id` int(10) UNSIGNED NOT NULL,
  `product_id` int(10) UNSIGNED NOT NULL,
  `price` double UNSIGNED NOT NULL,
  `size` varchar(10) COLLATE utf8mb4_unicode_ci DEFAULT NULL,
  `color` varchar(255) COLLATE utf8mb4_unicode_ci DEFAULT NULL,
  `quantity` smallint(5) UNSIGNED NOT NULL DEFAULT '1',
  `image` varchar(255) COLLATE utf8mb4_unicode_ci DEFAULT NULL,
  `created_at` timestamp NULL DEFAULT NULL,
  `updated_at` timestamp NULL DEFAULT NULL,
  PRIMARY KEY (`id`)
) ENGINE=InnoDB AUTO_INCREMENT=79 DEFAULT CHARSET=utf8mb4 COLLATE=utf8mb4_unicode_ci;

--
-- Déchargement des données de la table `order_items`
--

INSERT INTO `order_items` (`id`, `order_id`, `product_id`, `price`, `size`, `color`, `quantity`, `image`, `created_at`, `updated_at`) VALUES
(35, 6, 5, 88, 'M', 'red', 1, 'http://images.thenorthface.com/is/image/TheNorthFace/236x204_CLR/mens-better-than-naked-jacket-AVMH_LC9_hero.png', '2020-02-19 13:16:22', '2020-02-19 13:16:22'),
(36, 6, 4, 208, NULL, 'grey', 5, 'http://images.thenorthface.com/is/image/TheNorthFace/236x204_CLR/enduro-boa-hydration-pack-AJQZ_JK3_hero.png', '2020-02-19 14:21:09', '2020-04-09 09:02:45'),
(37, 6, 1, 120.5, 'M', 'blue', 3, 'http://images.thenorthface.com/is/image/TheNorthFace/236x204_CLR/mens-better-than-naked-jacket-AVMH_LC9_hero.png', '2020-02-26 08:25:53', '2020-04-09 09:02:32'),
(49, 12, 1, 120.5, 'M', 'blue', 1, 'http://images.thenorthface.com/is/image/TheNorthFace/236x204_CLR/mens-better-than-naked-jacket-AVMH_LC9_hero.png', '2020-03-11 09:49:58', '2020-03-30 13:36:09'),
(51, 12, 4, 208, NULL, 'red', 1, 'http://images.thenorthface.com/is/image/TheNorthFace/236x204_CLR/enduro-boa-hydration-pack-AJQZ_JK3_hero.png', '2020-03-11 13:32:12', '2020-03-30 13:36:14'),
(54, 12, 2, 305, 'L', 'white/lila', 3, 'http://images.thenorthface.com/is/image/TheNorthFace/236x204_CLR/womens-better-than-naked-jacket-AVKL_NN4_hero.png', '2020-03-11 15:46:28', '2020-04-09 09:01:40'),
(55, 13, 3, 35, '40', NULL, 4, 'http://images.thenorthface.com/is/image/TheNorthFace/236x204_CLR/womens-single-track-shoe-ALQF_JM3_hero.png', '2020-04-01 14:22:19', '2020-04-09 09:00:38'),
(56, 13, 4, 208, NULL, 'grey', 2, 'http://images.thenorthface.com/is/image/TheNorthFace/236x204_CLR/enduro-boa-hydration-pack-AJQZ_JK3_hero.png', '2020-04-01 15:04:29', '2020-04-01 15:04:42'),
(57, 6, 2, 200, 'M', 'black/pink', 2, 'http://images.thenorthface.com/is/image/TheNorthFace/236x204_CLR/womens-better-than-naked-jacket-AVKL_NN4_hero.png', '2020-04-06 09:20:10', '2020-04-09 09:02:40'),
(60, 16, 2, 300, 'M', 'white/lila', 2, 'http://images.thenorthface.com/is/image/TheNorthFace/236x204_CLR/womens-better-than-naked-jacket-AVKL_NN4_hero.png', '2020-04-14 15:30:12', '2020-04-14 15:30:12'),
(61, 16, 4, 208, NULL, 'red', 1, 'http://images.thenorthface.com/is/image/TheNorthFace/236x204_CLR/enduro-boa-hydration-pack-AJQZ_JK3_hero.png', '2020-04-14 15:32:10', '2020-04-14 15:32:10'),
(62, 17, 2, 200, 'M', 'black/pink', 1, 'http://images.thenorthface.com/is/image/TheNorthFace/236x204_CLR/womens-better-than-naked-jacket-AVKL_NN4_hero.png', '2020-04-17 10:31:21', '2020-04-17 10:31:21'),
(63, 17, 6, 133, NULL, 'corail', 1, 'http://images.thenorthface.com/is/image/TheNorthFace/236x204_CLR/womens-single-track-shoe-ALQF_JM3_hero.png', '2020-04-17 10:39:02', '2020-04-17 10:39:02'),
(64, 17, 1, 211, 'XL', 'orange', 1, 'http://images.thenorthface.com/is/image/TheNorthFace/236x204_CLR/mens-better-than-naked-jacket-AVMH_LC9_hero.png', '2020-04-20 11:24:06', '2020-04-20 11:24:06'),
(65, 18, 4, 208, NULL, 'red', 1, 'http://images.thenorthface.com/is/image/TheNorthFace/236x204_CLR/enduro-boa-hydration-pack-AJQZ_JK3_hero.png', '2020-04-20 11:29:46', '2020-04-20 11:29:46'),
(66, 19, 4, 208, NULL, 'red', 1, 'http://images.thenorthface.com/is/image/TheNorthFace/236x204_CLR/enduro-boa-hydration-pack-AJQZ_JK3_hero.png', '2020-04-20 11:43:56', '2020-04-20 11:43:56'),
(67, 20, 3, 211, '41', NULL, 1, 'http://images.thenorthface.com/is/image/TheNorthFace/236x204_CLR/womens-single-track-shoe-ALQF_JM3_hero.png', '2020-04-20 11:52:27', '2020-04-20 11:52:27'),
(68, 21, 2, 300, 'M', 'white/lila', 1, 'http://images.thenorthface.com/is/image/TheNorthFace/236x204_CLR/womens-better-than-naked-jacket-AVKL_NN4_hero.png', '2020-04-20 11:57:21', '2020-04-20 11:57:21'),
(69, 22, 6, 133, NULL, 'corail', 1, 'http://images.thenorthface.com/is/image/TheNorthFace/236x204_CLR/womens-single-track-shoe-ALQF_JM3_hero.png', '2020-04-20 12:12:44', '2020-04-20 12:12:44'),
(70, 23, 4, 208, NULL, 'grey', 1, 'http://images.thenorthface.com/is/image/TheNorthFace/236x204_CLR/enduro-boa-hydration-pack-AJQZ_JK3_hero.png', '2020-04-20 12:18:50', '2020-04-20 12:18:50'),
(71, 24, 2, 200, 'M', 'black/pink', 3, 'http://images.thenorthface.com/is/image/TheNorthFace/236x204_CLR/womens-better-than-naked-jacket-AVKL_NN4_hero.png', '2020-04-20 12:22:35', '2020-04-20 12:22:48'),
(72, 25, 5, 88, 'M', 'red', 2, 'http://images.thenorthface.com/is/image/TheNorthFace/236x204_CLR/mens-better-than-naked-jacket-AVMH_LC9_hero.png', '2020-04-20 12:28:52', '2020-04-20 12:28:52'),
(74, 26, 1, 120.5, 'M', 'blue', 3, 'http://images.thenorthface.com/is/image/TheNorthFace/236x204_CLR/mens-better-than-naked-jacket-AVMH_LC9_hero.png', '2020-04-25 11:39:13', '2020-05-03 08:10:24'),
(75, 26, 2, 200, 'M', 'black/pink', 1, 'http://images.thenorthface.com/is/image/TheNorthFace/236x204_CLR/womens-better-than-naked-jacket-AVKL_NN4_hero.png', '2020-05-07 10:37:56', '2020-05-07 10:37:56'),
(76, 27, 4, 208, NULL, 'red', 2, 'http://images.thenorthface.com/is/image/TheNorthFace/236x204_CLR/enduro-boa-hydration-pack-AJQZ_JK3_hero.png', '2020-05-15 13:06:41', '2020-05-15 13:06:46'),
(77, 28, 6, 211, NULL, 'brown', 1, 'http://images.thenorthface.com/is/image/TheNorthFace/236x204_CLR/womens-single-track-shoe-ALQF_JM3_hero.png', '2020-05-19 10:43:50', '2020-05-19 10:43:50'),
(78, 29, 6, 133, NULL, 'corail', 4, 'http://images.thenorthface.com/is/image/TheNorthFace/236x204_CLR/womens-single-track-shoe-ALQF_JM3_hero.png', '2020-05-19 10:52:46', '2020-05-19 10:52:46');

-- --------------------------------------------------------

--
-- Structure de la table `password_resets`
--

DROP TABLE IF EXISTS `password_resets`;
CREATE TABLE IF NOT EXISTS `password_resets` (
  `email` varchar(191) COLLATE utf8mb4_unicode_ci NOT NULL,
  `token` varchar(191) COLLATE utf8mb4_unicode_ci NOT NULL,
  `created_at` timestamp NULL DEFAULT NULL,
  KEY `password_resets_email_index` (`email`)
) ENGINE=InnoDB DEFAULT CHARSET=utf8mb4 COLLATE=utf8mb4_unicode_ci;

-- --------------------------------------------------------

--
-- Structure de la table `payments`
--

DROP TABLE IF EXISTS `payments`;
CREATE TABLE IF NOT EXISTS `payments` (
  `id` bigint(20) UNSIGNED NOT NULL AUTO_INCREMENT,
  `type` tinyint(3) UNSIGNED NOT NULL,
  `type_name` varchar(60) COLLATE utf8mb4_unicode_ci NOT NULL,
  `order_id` int(10) UNSIGNED NOT NULL,
  `user_id` int(10) UNSIGNED NOT NULL,
  `amount` decimal(8,4) UNSIGNED NOT NULL,
  `stripe_customer` varchar(100) COLLATE utf8mb4_unicode_ci DEFAULT NULL,
  `stripe_source` varchar(100) COLLATE utf8mb4_unicode_ci DEFAULT NULL,
  `stripe_charge` varchar(100) COLLATE utf8mb4_unicode_ci DEFAULT NULL,
  `transfer_comm` varchar(100) COLLATE utf8mb4_unicode_ci DEFAULT NULL,
  `status` tinyint(3) UNSIGNED NOT NULL DEFAULT '0',
  `created_at` timestamp NULL DEFAULT NULL,
  `updated_at` timestamp NULL DEFAULT NULL,
  `deleted_at` timestamp NULL DEFAULT NULL,
  PRIMARY KEY (`id`)
) ENGINE=InnoDB AUTO_INCREMENT=59 DEFAULT CHARSET=utf8mb4 COLLATE=utf8mb4_unicode_ci;

--
-- Déchargement des données de la table `payments`
--

INSERT INTO `payments` (`id`, `type`, `type_name`, `order_id`, `user_id`, `amount`, `stripe_customer`, `stripe_source`, `stripe_charge`, `transfer_comm`, `status`, `created_at`, `updated_at`, `deleted_at`) VALUES
(26, 1, 'credit', 12, 1, '938.0000', NULL, 'pi_1GSnBGIw4n6pDxhogwKu7K7H', NULL, NULL, 1, '2020-03-31 14:43:13', '2020-03-31 14:43:13', NULL),
(27, 1, 'credit', 13, 4, '616.0000', NULL, 'pi_1GaGwJIw4n6pDxhokLNb2iQp', NULL, NULL, 4, '2020-04-21 05:54:43', '2020-04-21 05:54:45', NULL),
(50, 2, 'bancontact', 26, 4, '561.5000', 'src_client_secret_bnQBvM6le01LjwIjVpfsJbyM', 'src_1Gj4xaIw4n6pDxhofVcwvJPL', 'py_1Gj4xnIw4n6pDxhoi6qVXJLA', NULL, 4, '2020-05-15 12:56:25', '2020-05-15 12:56:39', NULL),
(58, 3, 'transfer', 27, 4, '476.0000', NULL, NULL, NULL, 'Costinelinho3 19-05-20 27', 2, '2020-05-19 10:33:02', '2020-05-19 10:33:02', NULL);

-- --------------------------------------------------------

--
-- Structure de la table `products`
--

DROP TABLE IF EXISTS `products`;
CREATE TABLE IF NOT EXISTS `products` (
  `id` bigint(20) UNSIGNED NOT NULL AUTO_INCREMENT,
  `name` varchar(191) COLLATE utf8mb4_unicode_ci NOT NULL,
  `description` text COLLATE utf8mb4_unicode_ci NOT NULL,
  `gender` varchar(20) COLLATE utf8mb4_unicode_ci NOT NULL DEFAULT 'unisex',
  `category_id` int(11) UNSIGNED NOT NULL,
  `created_at` timestamp NULL DEFAULT NULL,
  `updated_at` timestamp NULL DEFAULT NULL,
  `deleted_at` timestamp NULL DEFAULT NULL,
  PRIMARY KEY (`id`),
  KEY `products_category_id_foreign` (`category_id`) USING BTREE
) ENGINE=InnoDB AUTO_INCREMENT=7 DEFAULT CHARSET=utf8mb4 COLLATE=utf8mb4_unicode_ci;

--
-- Déchargement des données de la table `products`
--

INSERT INTO `products` (`id`, `name`, `description`, `gender`, `category_id`, `created_at`, `updated_at`, `deleted_at`) VALUES
(1, 'Men\'s blue jacket', 'Lorem ipsum dolor sit amet, consectetur adipisicing elit, sed do eiusmod\r\n                tempor incididunt ut labore et dolore magna aliqua consequat.', 'M', 5, '2019-12-19 14:42:09', '2020-02-04 18:59:22', NULL),
(2, 'WOMEN\'S BETTER THAN NAKED&trade; JACKET', 'Lorem ipsum dolor sit amet, consectetur adipisicing elit, sed do eiusmod\r\n                tempor incididunt ut labore et dolore magna aliqua consequat.', 'F', 5, '2019-12-19 14:42:09', '2020-02-04 19:28:46', NULL),
(3, 'WOMEN\'S SINGLE-TRACK SHOE', 'Lorem ipsum dolor sit amet, consectetur adipisicing elit, sed do eiusmod\r\n                tempor incididunt ut labore et dolore magna aliqua consequat.', 'F', 2, '2019-12-19 14:42:09', '2020-02-04 20:02:17', NULL),
(4, 'Enduro Boa&reg; Hydration Pack', 'Lorem ipsum jacket dolor sit amet, consectetur adipisicing elit, sed do eiusmod\r\n                tempor incididunt ut labore et dolore magna aliqua consequat.', 'unisex', 6, '2019-12-19 14:42:09', '2020-02-04 19:54:29', NULL),
(5, 'MEN\'S BETTER THAN NAKED&trade; JACKET 2', 'Lorem ipsum dolor sit amet, consectetur adipisicing elit, sed do eiusmod\r\n                tempor incididunt ut labore et dolore magna aliqua consequat.', 'M', 5, '2019-12-19 14:42:09', '2020-02-04 19:31:09', NULL),
(6, 'Shoes woman 2', 'Lorem ipsum dolor sit amet, consectetur adipisicing elit, sed do eiusmod\r\n                tempor incididunt ut labore et dolore magna aliqua consequat.', 'F', 2, '2019-12-19 14:42:09', '2020-02-04 19:57:27', NULL);

-- --------------------------------------------------------

--
-- Structure de la table `product_details`
--

DROP TABLE IF EXISTS `product_details`;
CREATE TABLE IF NOT EXISTS `product_details` (
  `id` bigint(20) UNSIGNED NOT NULL AUTO_INCREMENT,
  `product_id` int(10) UNSIGNED NOT NULL,
  `color` varchar(255) COLLATE utf8mb4_unicode_ci DEFAULT NULL,
  `size` varchar(60) COLLATE utf8mb4_unicode_ci DEFAULT NULL,
  `price` double UNSIGNED NOT NULL,
  `units` smallint(5) UNSIGNED NOT NULL,
  `stock` smallint(5) UNSIGNED NOT NULL,
  `image` varchar(255) COLLATE utf8mb4_unicode_ci NOT NULL,
  `created_at` timestamp NULL DEFAULT NULL,
  `updated_at` timestamp NULL DEFAULT NULL,
  PRIMARY KEY (`id`),
  KEY `product_details_product_id_foreign` (`product_id`)
) ENGINE=InnoDB AUTO_INCREMENT=31 DEFAULT CHARSET=utf8mb4 COLLATE=utf8mb4_unicode_ci;

--
-- Déchargement des données de la table `product_details`
--

INSERT INTO `product_details` (`id`, `product_id`, `color`, `size`, `price`, `units`, `stock`, `image`, `created_at`, `updated_at`) VALUES
(1, 1, 'blue', 'S', 200, 12, 12, 'http://images.thenorthface.com/is/image/TheNorthFace/236x204_CLR/mens-better-than-naked-jacket-AVMH_LC9_hero.png', NULL, NULL),
(2, 1, 'blue', 'M', 120.5, 16, 19, 'http://images.thenorthface.com/is/image/TheNorthFace/236x204_CLR/mens-better-than-naked-jacket-AVMH_LC9_hero.png', NULL, '2020-05-03 08:10:24'),
(3, 1, 'blue', 'L', 324, 45, 45, 'http://images.thenorthface.com/is/image/TheNorthFace/236x204_CLR/mens-better-than-naked-jacket-AVMH_LC9_hero.png', NULL, NULL),
(4, 1, 'orange', 'M', 211, 22, 22, 'http://images.thenorthface.com/is/image/TheNorthFace/236x204_CLR/mens-better-than-naked-jacket-AVMH_LC9_hero.png', NULL, '2020-03-11 09:45:26'),
(5, 1, 'orange', 'L', 122, 69, 67, 'http://images.thenorthface.com/is/image/TheNorthFace/236x204_CLR/mens-better-than-naked-jacket-AVMH_LC9_hero.png', NULL, '2020-03-11 09:51:22'),
(6, 1, 'orange', 'XL', 211, 31, 32, 'http://images.thenorthface.com/is/image/TheNorthFace/236x204_CLR/mens-better-than-naked-jacket-AVMH_LC9_hero.png', NULL, '2020-04-20 11:24:06'),
(7, 2, 'white/lila', 'M', 300, 40, 43, 'http://images.thenorthface.com/is/image/TheNorthFace/236x204_CLR/womens-better-than-naked-jacket-AVKL_NN4_hero.png', NULL, '2020-04-20 11:57:21'),
(8, 2, 'white/lila', 'L', 305, 18, 21, 'http://images.thenorthface.com/is/image/TheNorthFace/236x204_CLR/womens-better-than-naked-jacket-AVKL_NN4_hero.png', NULL, '2020-04-09 09:01:40'),
(9, 2, 'black/pink', 'M', 200, 11, 17, 'http://images.thenorthface.com/is/image/TheNorthFace/236x204_CLR/womens-better-than-naked-jacket-AVKL_NN4_hero.png', NULL, '2020-05-07 10:37:56'),
(10, 3, 'blue', '38', 45, 23, 23, 'http://images.thenorthface.com/is/image/TheNorthFace/236x204_CLR/womens-single-track-shoe-ALQF_JM3_hero.png', NULL, NULL),
(11, 3, 'blue', '39', 122, 65, 65, 'http://images.thenorthface.com/is/image/TheNorthFace/236x204_CLR/womens-single-track-shoe-ALQF_JM3_hero.png', NULL, NULL),
(12, 3, 'blue', '40', 56, 155, 155, 'http://images.thenorthface.com/is/image/TheNorthFace/236x204_CLR/womens-single-track-shoe-ALQF_JM3_hero.png', NULL, '2020-02-26 10:21:27'),
(13, 3, 'blue', '36', 211, 78, 78, 'http://images.thenorthface.com/is/image/TheNorthFace/236x204_CLR/womens-single-track-shoe-ALQF_JM3_hero.png', NULL, NULL),
(14, 3, 'blue', '40', 35, 50, 50, 'http://images.thenorthface.com/is/image/TheNorthFace/236x204_CLR/womens-single-track-shoe-ALQF_JM3_hero.png', NULL, NULL),
(15, 3, 'blue', '37', 80, 34, 34, 'http://images.thenorthface.com/is/image/TheNorthFace/236x204_CLR/womens-single-track-shoe-ALQF_JM3_hero.png', NULL, NULL),
(16, 3, 'blue', '41', 211, 66, 66, 'http://images.thenorthface.com/is/image/TheNorthFace/236x204_CLR/womens-single-track-shoe-ALQF_JM3_hero.png', NULL, NULL),
(17, 4, 'grey', 'one size', 208, 33, 39, 'http://images.thenorthface.com/is/image/TheNorthFace/236x204_CLR/enduro-boa-hydration-pack-AJQZ_JK3_hero.png', NULL, '2020-04-20 12:18:50'),
(18, 4, 'white', NULL, 208, 32, 32, 'http://images.thenorthface.com/is/image/TheNorthFace/236x204_CLR/enduro-boa-hydration-pack-AJQZ_JK3_hero.png', NULL, '2020-04-27 08:28:31'),
(19, 4, 'red', NULL, 208, 50, 55, 'http://images.thenorthface.com/is/image/TheNorthFace/236x204_CLR/enduro-boa-hydration-pack-AJQZ_JK3_hero.png', NULL, '2020-05-15 13:06:46'),
(20, 5, 'red', 'S', 90, 14, 14, 'http://images.thenorthface.com/is/image/TheNorthFace/236x204_CLR/mens-better-than-naked-jacket-AVMH_LC9_hero.png', NULL, NULL),
(21, 5, 'red', 'M', 88, 41, 43, 'http://images.thenorthface.com/is/image/TheNorthFace/236x204_CLR/mens-better-than-naked-jacket-AVMH_LC9_hero.png', NULL, '2020-04-20 12:28:52'),
(22, 5, 'red', 'L', 90, 55, 55, 'http://images.thenorthface.com/is/image/TheNorthFace/236x204_CLR/mens-better-than-naked-jacket-AVMH_LC9_hero.png', NULL, NULL),
(23, 5, 'green', 'S', 88, 23, 23, 'http://images.thenorthface.com/is/image/TheNorthFace/236x204_CLR/mens-better-than-naked-jacket-AVMH_LC9_hero.png', NULL, NULL),
(24, 5, 'green', 'L', 89, 17, 17, 'http://images.thenorthface.com/is/image/TheNorthFace/236x204_CLR/mens-better-than-naked-jacket-AVMH_LC9_hero.png', NULL, NULL),
(25, 5, 'pink', 'M', 88, 55, 55, 'http://images.thenorthface.com/is/image/TheNorthFace/236x204_CLR/mens-better-than-naked-jacket-AVMH_LC9_hero.png', NULL, NULL),
(26, 6, 'white', '38', 215, 22, 22, 'http://images.thenorthface.com/is/image/TheNorthFace/236x204_CLR/womens-single-track-shoe-ALQF_JM3_hero.png', NULL, NULL),
(27, 6, 'green', '38', 213, 77, 77, 'http://images.thenorthface.com/is/image/TheNorthFace/236x204_CLR/womens-single-track-shoe-ALQF_JM3_hero.png', NULL, NULL),
(28, 6, 'brown', '38', 211, 77, 77, 'http://images.thenorthface.com/is/image/TheNorthFace/236x204_CLR/womens-single-track-shoe-ALQF_JM3_hero.png', NULL, NULL),
(29, 6, 'beige', '38', 214, 60, 60, 'http://images.thenorthface.com/is/image/TheNorthFace/236x204_CLR/womens-single-track-shoe-ALQF_JM3_hero.png', NULL, NULL),
(30, 6, 'corail', '38', 133, 33, 33, 'http://images.thenorthface.com/is/image/TheNorthFace/236x204_CLR/womens-single-track-shoe-ALQF_JM3_hero.png', NULL, NULL);

-- --------------------------------------------------------

--
-- Structure de la table `users`
--

DROP TABLE IF EXISTS `users`;
CREATE TABLE IF NOT EXISTS `users` (
  `id` bigint(20) UNSIGNED NOT NULL AUTO_INCREMENT,
  `name` varchar(191) COLLATE utf8mb4_unicode_ci NOT NULL,
  `email` varchar(191) COLLATE utf8mb4_unicode_ci NOT NULL,
  `email_verified_at` timestamp NULL DEFAULT NULL,
  `phone` varchar(60) COLLATE utf8mb4_unicode_ci DEFAULT NULL,
  `is_admin` tinyint(1) NOT NULL DEFAULT '0',
  `password` varchar(191) COLLATE utf8mb4_unicode_ci NOT NULL,
  `address` varchar(191) COLLATE utf8mb4_unicode_ci NOT NULL,
  `country` varchar(160) COLLATE utf8mb4_unicode_ci NOT NULL,
  `city` varchar(160) COLLATE utf8mb4_unicode_ci NOT NULL,
  `postal_code` varchar(60) COLLATE utf8mb4_unicode_ci NOT NULL,
  `stripe_token` varchar(191) COLLATE utf8mb4_unicode_ci DEFAULT NULL,
  `remember_token` varchar(100) COLLATE utf8mb4_unicode_ci DEFAULT NULL,
  `created_at` timestamp NULL DEFAULT NULL,
  `updated_at` timestamp NULL DEFAULT NULL,
  `deleted_at` timestamp NULL DEFAULT NULL,
  PRIMARY KEY (`id`),
  UNIQUE KEY `users_email_unique` (`email`)
) ENGINE=InnoDB AUTO_INCREMENT=26 DEFAULT CHARSET=utf8mb4 COLLATE=utf8mb4_unicode_ci;

--
-- Déchargement des données de la table `users`
--

INSERT INTO `users` (`id`, `name`, `email`, `email_verified_at`, `phone`, `is_admin`, `password`, `address`, `country`, `city`, `postal_code`, `stripe_token`, `remember_token`, `created_at`, `updated_at`, `deleted_at`) VALUES
(1, 'shticri8', 'shticri@gmail.com', NULL, '4536677885', 0, '$2y$10$1QaF7hSpBycBUnU1uiVg4uV88yXd/K5XLBnoOSWA.66zHztt99pVO', 'Rue des Brisolers 895', 'Belgium5', 'Brussels5', '1040', NULL, NULL, '2019-12-19 15:52:21', '2020-03-12 10:49:27', NULL),
(2, 'kiki admin', 'kiki@admin.com', NULL, '435667722', 1, '$2y$10$1QaF7hSpBycBUnU1uiVg4uV88yXd/K5XLBnoOSWA.66zHztt99pVO', 'avenue Militaire 123', 'Belgium', 'Bruxelles', '1310', NULL, NULL, '2019-12-19 15:52:21', '2019-12-19 15:52:21', NULL),
(3, 'john miller', 'john@gmail.com', NULL, '04861122228', 0, '$2y$10$j8q7lO3WHrUb6tHW778aRODv3ELbDBhu0h/69TU9SUJDx5rG0.wiO', '145, Avenue Molllers', 'Belgium', 'Brussels', '1300', NULL, NULL, '2020-03-02 10:21:57', '2020-03-02 10:21:57', NULL),
(4, 'Costinelinho3', 'costinel@gmail.com', NULL, '4444444488', 0, '$2y$10$j8q7lO3WHrUb6tHW778aRODv3ELbDBhu0h/69TU9SUJDx5rG0.wiO', 'Av Loooo, 1366', 'Belgique', 'Bruxelles', '3399', NULL, NULL, '2020-04-01 10:36:17', '2020-05-13 11:25:49', NULL),
(11, 'fifi', 'fifi@gmail.com', NULL, '0456224222', 0, '$2y$10$/BJ1Xdk0hiBIJsruEyjhwuAXuwMJw/Jh7UhXmaGkDtnCmrSWExfMi', 'Avenue Liberty, 13', 'Belgium', 'Bruxelles', '1223', NULL, NULL, '2020-04-09 09:10:01', '2020-04-09 09:10:01', NULL),
(23, 'gfffff', 'fgggg@ooo.com', NULL, '04562244444', 0, '$2y$10$eIvGGFvjMhIWOLQJ2TgPM.mgcMHERscX1/YP8nHxOb8zI1BehtCiq', 'Avenue QEEEE 44', 'Croatia', 'Dubrovnik', '342111', NULL, NULL, '2020-04-20 12:30:21', '2020-04-20 13:07:18', NULL),
(24, 'yyyyyyyyy', 'pppp@gmail.com', NULL, '0456224865', 0, '$2y$10$0dHocgvxrKujO8dQaTvSXuL0Dlo9NiLil2YALY/ndiipLVartaQDi', 'Avenue\' 09\' \'10\'9\'', 'Belgium\' ggg', 'Bruxelles\'', '1220', NULL, NULL, '2020-04-27 16:54:08', '2020-04-27 16:54:08', NULL),
(25, 'zrrrrr', 'zeqqqxcv@gmail.com', NULL, '0456224865', 0, '$2y$10$T9TQGMvmpA6Pdv.pbAyAZO3vvxpQKkWWOJjEF/AqQyTTWJE8avI76', 'Avenue Riskl, 45', 'Belgium', 'Bruxelles', '1222', NULL, NULL, '2020-05-13 13:43:12', '2020-05-13 13:43:12', NULL);
COMMIT;

/*!40101 SET CHARACTER_SET_CLIENT=@OLD_CHARACTER_SET_CLIENT */;
/*!40101 SET CHARACTER_SET_RESULTS=@OLD_CHARACTER_SET_RESULTS */;
/*!40101 SET COLLATION_CONNECTION=@OLD_COLLATION_CONNECTION */;
